api_context,name,method,path,summary,description,tags,roles,path_parameters,request_body,response_body,error_codes,route_pattern,source_file
v1_4_0,addCustomerMessage,POST,/banks/BANK_ID/customer/CUSTOMER_ID/messages,Create Customer Message,"Returns information about branches for a single bank specified by BANK_ID including: * Name * Address * Geo Location * License the data under this endpoint is released under ${urlParametersDocument(false, false)} You can use the url query parameters *limit* and *offset* for pagination ${userAuthenticationMessage(!getBranchesIsPublic)}",Person; Message; Customer,,BANK_ID; CUSTOMER_ID,,,UnknownError,"""banks"" :: BankId(bankId) :: ""customer"" :: customerId ::  ""messages"" :: Nil",APIMethods140.scala
v1_4_0,testResourceDoc,GET,/dummy,I am only a test resource Doc, #This should be H1 ##This should be H2 ###This should be H3 ####This should be H4 Here is a list with two items: * One * Two There are underscores by them selves _ There are _underscores_ around a word There are underscores_in_words There are 'underscores_in_words_inside_quotes' There are (underscores_in_words_in_brackets) _etc_...,OldStyle; Documentation,,,apiInfoJSON,,UnknownError,"case ""dummy"" :: Nil JsonGet",APIMethods140.scala
v2_2_0,root,GET,/root,Get API Info (root),Returns information about: * API version * Hosted by information * Git Commit,,,,apiInfoJSON,,,N/A,APIMethods220.scala
v2_2_0,getViewsForBankAccount,GET,/banks/BANK_ID/accounts/ACCOUNT_ID/views,Get Views for Account,"#Views Views in Open Bank Project provide a mechanism for fine grained access control and delegation to Accounts and Transactions. Account holders use the 'owner' view by default. Delegated access is made through other views for example 'accountants', 'share-holders' or 'tagging-application'. Views can be created via the API and each view has a list of entitlements. Views on accounts and transactions filter the underlying data to redact certain fields for certain users. For instance the balance ",,,BANK_ID; ACCOUNT_ID,,,,"""banks"" :: BankId(bankId) :: ""accounts"" :: AccountId(accountId) :: ""views"" :: Nil",APIMethods220.scala
v2_2_0,createViewForBankAccount,POST,/banks/BANK_ID/accounts/ACCOUNT_ID/views,Create View,#Create a view on bank account ${userAuthenticationMessage(true)} and the user needs to have access to the owner view. The 'alias' field in the JSON can take one of three values: * _public_: to use the public alias if there is one specified for the other account. * _private_: to use the private alias if there is one specified for the other account. * _''(empty string)_: to use no alias; the view shows the real name of the other account. The 'hide_metadata_if_alias_used' field in the JSON can tak,OldStyle; Account; View,,BANK_ID; ACCOUNT_ID,viewJSONV220,viewJSONV220,BankAccountNotFound; UnknownError,"""banks"" :: BankId(bankId) :: ""accounts"" :: AccountId(accountId) :: ""views"" :: Nil",APIMethods220.scala
v2_2_0,updateViewForBankAccount,PUT,/banks/BANK_ID/accounts/ACCOUNT_ID/views/VIEW_ID,Update View,"Update an existing view on a bank account ${userAuthenticationMessage(true)} and the user needs to have access to the owner view. The json sent is the same as during view creation (above), with one difference: the 'name' field of a view is not editable (it is only set when a view is created)",OldStyle; Account; View,,BANK_ID; ACCOUNT_ID; VIEW_ID,viewJSONV220,viewJSONV220,BankAccountNotFound; UnknownError,"""banks"" :: BankId(bankId) :: ""accounts"" :: AccountId(accountId) :: ""views"" :: ViewId(viewId) :: Nil",APIMethods220.scala
v2_2_0,getCurrentFxRate,GET,/banks/BANK_ID/fx/FROM_CURRENCY_CODE/TO_CURRENCY_CODE,Get Current FxRate,"Get the latest FX rate specified by BANK_ID, FROM_CURRENCY_CODE and TO_CURRENCY_CODE OBP may try different sources of FX rate information depending on the Connector in operation. For example we want to convert EUR => USD: OBP will: 1st try - Connector (database, core banking system or external FX service) 2nd try part 1 - fallbackexchangerates/eur.json 2nd try part 2 - fallbackexchangerates/usd.json (the inverse rate is used) 3rd try - Hardcoded map of FX rates. ![FX Flow](https://user-images.gi",Fx,,BANK_ID; FROM_CURRENCY_CODE; TO_CURRENCY_CODE,fXRateJSON,,UnknownError,"""banks"" :: BankId(bankId) :: ""fx"" :: fromCurrencyCode :: toCurrencyCode :: Nil",APIMethods220.scala
v2_2_0,getExplicitCounterpartiesForAccount,GET,/banks/BANK_ID/accounts/ACCOUNT_ID/VIEW_ID/counterparties,Get Counterparties (Explicit),"This endpoints gets the explicit Counterparties on an Account / View. For a general introduction to Counterparties in OBP, see ${Glossary.getGlossaryItemLink(""Counterparties"")} ${userAuthenticationMessage(true)} ",Psd2; Account; Counterparty; PSD2PIS,,BANK_ID; ACCOUNT_ID; VIEW_ID,,,BankAccountNotFound; ViewNotFound; UnknownError,"""banks"" :: BankId(bankId) :: ""accounts"" :: AccountId(accountId) :: ViewId(viewId) :: ""counterparties"" :: Nil",APIMethods220.scala
v2_2_0,getExplicitCounterpartyById,GET,/banks/BANK_ID/accounts/ACCOUNT_ID/VIEW_ID/counterparties/COUNTERPARTY_ID,Get Counterparty by Counterparty Id (Explicit),Information returned about the Counterparty specified by COUNTERPARTY_ID: ${userAuthenticationMessage(true)} ,Psd2; CounterpartyMetaData; Counterparty; PSD2PIS,,BANK_ID; COUNTERPARTY_ID; ACCOUNT_ID; VIEW_ID,createCounterpartyWithMetadataJSON,,BankNotFound; UnknownError,"""banks"" :: BankId(bankId) :: ""accounts"" :: AccountId(accountId) :: ViewId(viewId) :: ""counterparties"" :: CounterpartyId(counterpartyId) :: Nil",APIMethods220.scala
v2_2_0,getMessageDocs,GET,/message-docs/CONNECTOR,Get Message Docs,"These message docs provide example messages sent by OBP to the (RabbitMq) message queue for processing by the Core Banking / Payment system Adapter - together with an example expected response and possible error codes. Integrators can use these messages to build Adapters that provide core banking services to OBP. Note: API Explorer provides a Message Docs page where these messages are displayed. `CONNECTOR`: rest_vMar2019, stored_procedure_vDec2019 ...",Api; Documentation,,CONNECTOR,bankJSONV220,bankJSONV220,UnknownError,"""message-docs"" :: connector :: Nil",APIMethods220.scala
v2_2_0,createBank,POST,/banks,Create Bank,Create a new bank (Authenticated access). ${userAuthenticationMessage(true) } ,OldStyle; Bank,CreateBank,,bankJSONV220,bankJSONV220,UnknownError,"case ""banks"" :: Nil JsonPost",APIMethods220.scala
v2_2_0,createBranch,POST,/banks/BANK_ID/branches,Create Branch,Create Branch for the Bank. ${userAuthenticationMessage(true) } ,OpenData; Branch,CreateBranch; CreateBranchAtAnyBank,BANK_ID,,,BankNotFound; UnknownError,"""banks"" :: BankId(bankId) :: ""branches"" :: Nil",APIMethods220.scala
v2_2_0,createAtm,POST,/banks/BANK_ID/atms,Create ATM,Create ATM for the Bank. ${userAuthenticationMessage(true) } ,ATM,CreateAtm; CreateAtmAtAnyBank,BANK_ID,,,BankNotFound; UnknownError,"""banks"" :: BankId(bankId) :: ""atms"" :: Nil",APIMethods220.scala
v2_2_0,createProduct,PUT,/banks/BANK_ID/products,Create Product,Create or Update Product for the Bank. ${userAuthenticationMessage(true) } ,Product,CreateProductAtAnyBank; CreateProduct,BANK_ID,,,BankNotFound; UnknownError,"""banks"" :: BankId(bankId) :: ""products"" :: Nil",APIMethods220.scala
v2_2_0,createFx,PUT,/banks/BANK_ID/fx,Create Fx,"Create or Update Fx for the Bank. Example: “from_currency_code”:“EUR”, “to_currency_code”:“USD”, “conversion_value”: 1.136305, “inverse_conversion_value”: 1 / 1.136305 = 0.8800454103431737, Thus 1 Euro = 1.136305 US Dollar and 1 US Dollar = 0.8800 Euro ${userAuthenticationMessage(true) } ",Fx,CreateFxRateAtAnyBank; CreateFxRate,BANK_ID,,,BankNotFound; UnknownError,"""banks"" :: BankId(bankId) :: ""fx"" :: Nil",APIMethods220.scala
v2_2_0,createAccount,PUT,/banks/BANK_ID/accounts/ACCOUNT_ID,Create Account,Create Account at bank specified by BANK_ID with Id specified by ACCOUNT_ID. The User can create an Account for themself or an Account for another User if they have CanCreateAccount role. If USER_ID is not specified the account will be owned by the logged in User. The type field should be a product_code from Product. Note: The Amount must be zero.,Account; Onboarding,CreateAccount,BANK_ID; ACCOUNT_ID,createAccountJSONV220,createAccountJSONV220,UserNotFound; BankNotFound; UnknownError,"""banks"" :: BankId(bankId) :: ""accounts"" :: AccountId(accountId) :: Nil",APIMethods220.scala
v2_2_0,config,GET,/config,Get API Configuration,Returns information about: * API Config * Akka ports * Elastic search ports * Cached function,,GetConfig,,configurationJSON,,,"case ""config"" :: Nil JsonGet",APIMethods220.scala
v2_2_0,getConnectorMetrics,GET,/management/connector/metrics,Get Connector Metrics,Get the all metrics require CanGetConnectorMetrics role Filters Part 1.*filtering* (no wilde cards etc.) parameters to GET /management/connector/metrics Should be able to filter on the following metrics fields eg: /management/connector/metrics?from_date=$DateWithMsExampleString&to_date=$DateWithMsExampleString&limit=50&offset=2 1 from_date (defaults to one week before current date): eg:from_date=$DateWithMsExampleString 2 to_date (defaults to current date) eg:to_date=$DateWithMsExampleString 3 l,Api; Metric,GetConnectorMetrics,,,,UnknownError,"""management"" :: ""connector"" :: ""metrics"" :: Nil",APIMethods220.scala
v2_2_0,createConsumer,POST,/management/consumers,Post a Consumer,Create a Consumer (Authenticated access). ,OldStyle; Consumer,CreateConsumer,,ConsumerPostJSON,,UnknownError,"""management"" :: ""consumers"" :: Nil",APIMethods220.scala
v2_2_0,createCounterparty,POST,/banks/BANK_ID/accounts/ACCOUNT_ID/VIEW_ID/counterparties,Create Counterparty (Explicit),"Create Counterparty (Explicit) for an Account. In OBP, there are two types of Counterparty. * Explicit Counterparties (those here) which we create explicitly and are used in COUNTERPARTY Transaction Requests * Implicit Counterparties (AKA Other Accounts) which are generated automatically from the other sides of Transactions. Explicit Counterparties are created for the account / view They are how the user of the view (e.g. account owner) refers to the other side of the transaction name : the huma",,,BANK_ID; ACCOUNT_ID; VIEW_ID,,,,"""banks"" :: BankId(bankId) :: ""accounts"" :: AccountId(accountId) :: ViewId(viewId) :: ""counterparties"" :: Nil",APIMethods220.scala
v3_0_0,getViewsForBankAccount,GET,/banks/BANK_ID/accounts/ACCOUNT_ID/views,Get Views for Account,"#Views Views in Open Bank Project provide a mechanism for fine grained access control and delegation to Accounts and Transactions. Account holders use the 'owner' view by default. Delegated access is made through other views for example 'accountants', 'share-holders' or 'tagging-application'. Views can be created via the API and each view has a list of entitlements. Views on accounts and transactions filter the underlying data to redact certain fields for certain users. For instance the balance ",,,BANK_ID; ACCOUNT_ID,,,,"""banks"" :: BankId(bankId) :: ""accounts"" :: AccountId(accountId) :: ""views"" :: Nil",APIMethods300.scala
v3_0_0,createViewForBankAccount,POST,/banks/BANK_ID/accounts/ACCOUNT_ID/views,Create Custom View,Create a custom view on bank account ${userAuthenticationMessage(true)} and the user needs to have access to the owner view. The 'alias' field in the JSON can take one of three values: * _public_: to use the public alias if there is one specified for the other account. * _private_: to use the private alias if there is one specified for the other account. * _''(empty string)_: to use no alias; the view shows the real name of the other account. The 'hide_metadata_if_alias_used' field in the JSON c,Account; View,,BANK_ID; ACCOUNT_ID,SwaggerDefinitionsJSON,,BankAccountNotFound; UnknownError,"""banks"" :: BankId(bankId) :: ""accounts"" :: AccountId(accountId) :: ""views"" :: Nil",APIMethods300.scala
v3_0_0,getPermissionForUserForBankAccount,GET,/banks/BANK_ID/accounts/ACCOUNT_ID/permissions/PROVIDER/PROVIDER_ID,Get Account access for User,"Returns the list of the views at BANK_ID for account ACCOUNT_ID that a user identified by PROVIDER_ID at their provider PROVIDER has access to. All url parameters must be [%-encoded](http://en.wikipedia.org/wiki/Percent-encoding), which is often especially relevant for USER_ID and PROVIDER. ${userAuthenticationMessage(true)} The user needs to have access to the owner view.",Account; View; User,,BANK_ID; ACCOUNT_ID; PROVIDER; PROVIDER_ID,,,AccountNotFound; BankNotFound; UnknownError,"""banks"" :: BankId(bankId) :: ""accounts"" :: AccountId(accountId) :: ""permissions"" :: provider :: providerId :: Nil",APIMethods300.scala
v3_0_0,updateViewForBankAccount,PUT,/banks/BANK_ID/accounts/ACCOUNT_ID/views/VIEW_ID,Update Custom View,"Update an existing custom view on a bank account ${userAuthenticationMessage(true)} and the user needs to have access to the owner view. The json sent is the same as during view creation (above), with one difference: the 'name' field of a view is not editable (it is only set when a view is created)",Account; View,,BANK_ID; ACCOUNT_ID; VIEW_ID,UpdateViewJSON,,BankAccountNotFound; UnknownError,"""banks"" :: BankId(bankId) :: ""accounts"" :: AccountId(accountId) :: ""views"" :: ViewId(viewId) :: Nil",APIMethods300.scala
v3_0_0,getPrivateAccountById,GET,/banks/BANK_ID/accounts/ACCOUNT_ID/VIEW_ID/account,Get Account by Id (Full),Information returned about an account specified by ACCOUNT_ID as moderated by the view (VIEW_ID): * Number * Owners * Type * Balance * IBAN * Available views (sorted by short_name) More details about the data moderation by the view [here](#1_2_1-getViewsForBankAccount). PSD2 Context: PSD2 requires customers to have access to their account information via third party applications. This call provides balance and other account information via delegated authentication using OAuth. Authentication is ,,,BANK_ID; ACCOUNT_ID; VIEW_ID,createCoreBankAccountJSON,,,"""banks"" :: BankId(bankId) :: ""accounts"" :: AccountId(accountId) :: ViewId(viewId) :: ""account"" :: Nil",APIMethods300.scala
v3_0_0,getPublicAccountById,GET,/banks/BANK_ID/public/accounts/ACCOUNT_ID/VIEW_ID/account,Get Public Account by Id, Returns information about an account that has a public view. The account is specified by ACCOUNT_ID. The information is moderated by the view specified by VIEW_ID. * Number * Owners * Type * Balance * Routing PSD2 Context: PSD2 requires customers to have access to their account information via third party applications. This call provides balance and other account information via delegated authentication using OAuth. ${userAuthenticationMessage(false)} ,,,BANK_ID; ACCOUNT_ID; VIEW_ID,createCoreBankAccountJSON,,,"""banks"" :: BankId(bankId) :: ""public"" :: ""accounts"" :: AccountId(accountId) :: ViewId(viewId) :: ""account"" :: Nil",APIMethods300.scala
v3_0_0,getCoreAccountById,GET,/my/banks/BANK_ID/accounts/ACCOUNT_ID/account,Get Account by Id (Core),Information returned about the account specified by ACCOUNT_ID: * Number - The human readable account number given by the bank that identifies the account. * Label - A label given by the owner of the account * Owners - Users that own this account * Type - The type of account * Balance - Currency and Value * Account Routings - A list that might include IBAN or national account identifiers * Account Rules - A list that might include Overdraft and other bank specific rules This call returns the own,,,BANK_ID; ACCOUNT_ID,,,,"""my"" :: ""banks"" :: BankId(bankId) :: ""accounts"" :: AccountId(accountId) :: ""account"" :: Nil",APIMethods300.scala
v3_0_0,corePrivateAccountsAllBanks,GET,/my/accounts,Get Accounts at all Banks (private),"Returns the list of accounts containing private views for the user. Each account lists the views available to the user. ${accountTypeFilterText(""/my/accounts"")} ${userAuthenticationMessage(true)} ",Psd2; Account; PSD2AIS; PrivateData,,,createCoreAccountsByCoreAccountsJSON,,UnknownError,"""my"" :: ""accounts"" :: Nil",APIMethods300.scala
v3_0_0,getFirehoseAccountsAtOneBank,GET,/banks/BANK_ID/firehose/accounts/views/VIEW_ID,Get Firehose Accounts at Bank," Get Accounts which have a firehose view assigned to them. This endpoint allows bulk access to accounts. Requires the CanUseFirehoseAtAnyBank Role To be shown on the list, each Account must have a firehose View linked to it. A firehose view has is_firehose = true For VIEW_ID try 'owner' optional request parameters for filter with attributes URL params example: /banks/some-bank-id/firehose/accounts/views/owner?&limit=50&offset=1 to invalid Browser cache, add timestamp query parameter as follow, t",FirehoseData; AccountFirehose; Account,UseAccountFirehose; UseAccountFirehoseAtAnyBank,BANK_ID; VIEW_ID,,,UnknownError,N/A,APIMethods300.scala
v3_0_0,getFirehoseTransactionsForBankAccount,GET,/banks/BANK_ID/firehose/accounts/ACCOUNT_ID/views/VIEW_ID/transactions,Get Firehose Transactions for Account," Get Transactions for an Account that has a firehose View. Allows bulk access to an account's transactions. User must have the CanUseFirehoseAtAnyBank Role To find ACCOUNT_IDs, use the getFirehoseAccountsAtOneBank call. For VIEW_ID try 'owner' ${urlParametersDocument(true, true)} ${userAuthenticationMessage(true)} ",FirehoseData; AccountFirehose; Transaction; TransactionFirehose,UseAccountFirehose; UseAccountFirehoseAtAnyBank,BANK_ID; ACCOUNT_ID; VIEW_ID,,,UnknownError,"""banks"" :: BankId(bankId):: ""firehose"" :: ""accounts"" ::  AccountId(accountId) :: ""views"" :: ViewId(viewId) :: ""transactions"" :: Nil",APIMethods300.scala
v3_0_0,getCoreTransactionsForBankAccount,GET,/my/banks/BANK_ID/accounts/ACCOUNT_ID/transactions,Get Transactions for Account (Core),"Returns transactions list (Core info) of the account specified by ACCOUNT_ID. ${userAuthenticationMessage(true)} ${urlParametersDocument(true, true)} ",Psd2; Account; Transaction; PSD2AIS,,BANK_ID; ACCOUNT_ID,,,FilterDateFormatError; FilterOffersetError; BankAccountNotFound; ViewNotFound; UnknownError; FilterSortDirectionError; FilterLimitError,"""my"" :: ""banks"" :: BankId(bankId) :: ""accounts"" :: AccountId(accountId) :: ""transactions"" :: Nil",APIMethods300.scala
v3_0_0,getTransactionsForBankAccount,GET,/banks/BANK_ID/accounts/ACCOUNT_ID/VIEW_ID/transactions,Get Transactions for Account (Full),"Returns transactions list of the account specified by ACCOUNT_ID and [moderated](#1_2_1-getViewsForBankAccount) by the view (VIEW_ID). ${userAuthenticationMessage(false)} Authentication is required if the view is not public. ${urlParametersDocument(true, true)} ",Account; Transaction,,BANK_ID; ACCOUNT_ID; VIEW_ID,,,FilterDateFormatError; FilterOffersetError; BankAccountNotFound; ViewNotFound; UnknownError; FilterSortDirectionError; FilterLimitError,"""banks"" :: BankId(bankId) :: ""accounts"" :: AccountId(accountId) :: ViewId(viewId) :: ""transactions"" :: Nil",APIMethods300.scala
v3_0_0,dataWarehouseSearch,POST,/search/warehouse/INDEX,Data Warehouse Search," Search the data warehouse and get row level results. ${userAuthenticationMessage(true)} CanSearchWarehouse entitlement is required. You can request the Role below. Elastic (search) is used in the background. See links below for syntax. Examples of usage: POST /search/warehouse/THE_INDEX_YOU_WANT_TO_USE POST /search/warehouse/INDEX1,INDEX2 POST /search/warehouse/ALL { Any valid elasticsearch query DSL in the body } [Elasticsearch query DSL](https://www.elastic.co/guide/en/elasticsearch/reference",SearchWarehouse,SearchWarehouse,INDEX,,,UnknownError,"""search"" :: ""warehouse"" :: index :: Nil",APIMethods300.scala
v3_0_0,dataWarehouseStatistics,POST,/search/warehouse/statistics/INDEX/FIELD,Data Warehouse Statistics, Search the data warehouse and get statistical aggregations over a warehouse field Does a stats aggregation over some numeric field: https://www.elastic.co/guide/en/elasticsearch/reference/current/search-aggregations-metrics-stats-aggregation.html ${userAuthenticationMessage(true)} CanSearchWarehouseStats Role is required. You can request this below. Elastic (search) is used in the background. See links below for syntax. Examples of usage: POST /search/warehouse/statistics/INDEX/FIELD POST /sear,SearchWarehouse,SearchWarehouseStatistics,FIELD; INDEX,,,UnknownError,"""search"" :: ""warehouse"" :: ""statistics"" :: index :: field :: Nil",APIMethods300.scala
v3_0_0,getUser,GET,/users/email/EMAIL/terminator,Get Users by Email Address,"Get users by email address ${userAuthenticationMessage(true)} CanGetAnyUser entitlement is required, ",User,GetAnyUser,EMAIL,createUserJSONs,,UserNotFound; UnknownError,"""users"" :: ""email"" :: email :: ""terminator"" :: Nil",APIMethods300.scala
v3_0_0,getUserByUserId,GET,/users/user_id/USER_ID,Get User by USER_ID,"Get user by USER_ID ${userAuthenticationMessage(true)} CanGetAnyUser entitlement is required, ",User,GetAnyUser,USER_ID; _,createUserJSON,,UserNotFound; UnknownError,"""users"" :: ""user_id"" :: userId :: Nil",APIMethods300.scala
v3_0_0,getUserByUsername,GET,/users/username/USERNAME,Get User by USERNAME,"Get user by USERNAME ${userAuthenticationMessage(true)} CanGetAnyUser entitlement is required, ",User,GetAnyUser,USERNAME,createUserJSON,,UserNotFound; UnknownError,"""users"" :: ""username"" :: username :: Nil",APIMethods300.scala
v3_0_0,getAdapterInfoForBank,GET,/banks/BANK_ID/adapter,Get Adapter Info for a bank,Get basic information about the Adapter listening on behalf of this bank. ${userAuthenticationMessage(true)} ,Api,GetAdapterInfoAtOneBank,BANK_ID,,,UnknownError,"""banks"" :: BankId(bankId) :: ""adapter"" :: Nil",APIMethods300.scala
v3_0_0,createBranch,POST,/banks/BANK_ID/branches,Create Branch,Create Branch for the Bank. ${userAuthenticationMessage(true) } ,Branch,CreateBranch; CreateBranchAtAnyBank,BANK_ID,,,BankNotFound; UnknownError,"""banks"" :: BankId(bankId) :: ""branches"" :: Nil",APIMethods300.scala
v3_0_0,updateBranch,PUT,/banks/BANK_ID/branches/BRANCH_ID,Update Branch,Update an existing branch for a bank account (Authenticated access). ${userAuthenticationMessage(true) } ,Branch,UpdateBranch,BANK_ID; BRANCH_ID,,,BankNotFound; UnknownError,N/A,APIMethods300.scala
v3_0_0,createAtm,POST,/banks/BANK_ID/atms,Create ATM,Create ATM for the Bank. ${userAuthenticationMessage(true) } ,ATM,CreateAtm; CreateAtmAtAnyBank,BANK_ID,,,BankNotFound; UnknownError,"""banks"" :: BankId(bankId) :: ""atms"" :: Nil",APIMethods300.scala
v3_0_0,getBranch,GET,/banks/BANK_ID/branches/BRANCH_ID,Get Branch,Returns information about a single Branch specified by BANK_ID and BRANCH_ID including: * Name * Address * Geo Location * License the data under this endpoint is released under. ${userAuthenticationMessage(!getBranchesIsPublic)},Bank; Branch,,BANK_ID; BRANCH_ID,,,BranchNotFound; UnknownError,"""banks"" :: BankId(bankId) :: ""branches"" :: BranchId(branchId) :: Nil",APIMethods300.scala
v3_0_0,getBranches,GET,/banks/BANK_ID/branches,Get Branches for a Bank,"Returns information about branches for a single bank specified by BANK_ID including: * Name * Address * Geo Location * License the data under this endpoint is released under * Structured opening hours * Accessible flag * Branch Type * More Info Pagination: By default, 50 records are returned. You can use the url query parameters *limit* and *offset* for pagination You can also use the follow url query parameters: - city - string, find Branches those in this city, optional - withinMetersOf - numb",Bank; Branch,,BANK_ID,,,BranchesNotFound; BankNotFound; UnknownError,"""banks"" :: BankId(bankId) :: ""branches"" :: Nil",APIMethods300.scala
v3_0_0,getAtm,GET,/banks/BANK_ID/atms/ATM_ID,Get Bank ATM,Returns information about ATM for a single bank specified by BANK_ID and ATM_ID including: * Address * Geo Location * License the data under this endpoint is released under ${userAuthenticationMessage(!getAtmsIsPublic)},ATM,,BANK_ID; ATM_ID,,,BankNotFound; AtmNotFound; UnknownError,"""banks"" :: BankId(bankId) :: ""atms"" :: AtmId(atmId) :: Nil",APIMethods300.scala
v3_0_0,getAtms,GET,/banks/BANK_ID/atms,Get Bank ATMS,"Returns information about ATMs for a single bank specified by BANK_ID including: * Address * Geo Location * License the data under this endpoint is released under Pagination: By default, 100 records are returned. You can use the url query parameters *limit* and *offset* for pagination ${userAuthenticationMessage(!getAtmsIsPublic)}",ATM,,BANK_ID,,,BankNotFound; UnknownError,"""banks"" :: BankId(bankId) :: ""atms"" :: Nil",APIMethods300.scala
v3_0_0,getUsers,GET,/users,Get all Users,"Get all users ${userAuthenticationMessage(true)} CanGetAnyUser entitlement is required, ${urlParametersDocument(false, false)} * locked_status (if null ignore) ",User,GetAnyUser,,createUserJSONs,,UnknownError,"case ""users"" :: Nil JsonGet",APIMethods300.scala
v3_0_0,getCustomersForUser,GET,/users/current/customers,Get Customers for Current User,Gets all Customers that are linked to a User. ${userAuthenticationMessage(true)} ,Customer; User,,,,,UserCustomerLinksNotFound; UnknownError,"""users"" :: ""current"" :: ""customers"" :: Nil",APIMethods300.scala
v3_0_0,privateAccountsAtOneBank,GET,/banks/BANK_ID/accounts/private,Get Accounts at Bank (Minimal),"Returns the minimal list of private accounts at BANK_ID that the user has access to. For each account, the API returns the ID, routing addresses and the views available to the current user. If you want to see more information on the Views, use the Account Detail call. ${accountTypeFilterText(""/banks/BANK_ID/accounts/private"")} ${userAuthenticationMessage(true)}",Psd2; Account; PSD2AIS,,BANK_ID,createCoreAccountsByCoreAccountsJSON,,BankNotFound; UnknownError,"""banks"" :: BankId(bankId) :: ""accounts"" :: ""private"" :: Nil",APIMethods300.scala
v3_0_0,getPrivateAccountIdsbyBankId,GET,/banks/BANK_ID/accounts/account_ids/private,Get Accounts at Bank (IDs only),"Returns only the list of accounts ids at BANK_ID that the user has access to. Each account must have at least one private View. For each account the API returns its account ID. If you want to see more information on the Views, use the Account Detail call. ${accountTypeFilterText(""/banks/BANK_ID/accounts/account_ids/private"")} ${userAuthenticationMessage(true)}",Psd2; Account; PSD2AIS,,BANK_ID; _,,,BankNotFound; UnknownError,N/A,APIMethods300.scala
v3_0_0,getOtherAccountsForBankAccount,GET,/banks/BANK_ID/accounts/ACCOUNT_ID/VIEW_ID/other_accounts,Get Other Accounts of one Account,Returns data about all the other accounts that have shared at least one transaction with the ACCOUNT_ID at BANK_ID. ${userAuthenticationMessage(false)} Authentication is required if the view VIEW_ID is not public.,Account; Counterparty,,BANK_ID; ACCOUNT_ID; VIEW_ID; _,,,BankAccountNotFound; ViewNotFound; UnknownError,"""banks"" :: BankId(bankId) :: ""accounts"" :: AccountId(accountId) :: ViewId(viewId) :: ""other_accounts"" :: Nil",APIMethods300.scala
v3_0_0,getOtherAccountByIdForBankAccount,GET,/banks/BANK_ID/accounts/ACCOUNT_ID/VIEW_ID/other_accounts/OTHER_ACCOUNT_ID,Get Other Account by Id,Returns data about the Other Account that has shared at least one transaction with ACCOUNT_ID at BANK_ID. ${userAuthenticationMessage(false)} Authentication is required if the view is not public.,Account; Counterparty,,BANK_ID; VIEW_ID; OTHER_ACCOUNT_ID; ACCOUNT_ID; _,,,BankAccountNotFound; ViewNotFound; UnknownError,"""banks"" :: BankId(bankId) :: ""accounts"" :: AccountId(accountId) :: ViewId(viewId) :: ""other_accounts"":: other_account_id :: Nil",APIMethods300.scala
v3_0_0,addEntitlementRequest,POST,/entitlement-requests,Create Entitlement Request for current User,"Create Entitlement Request. Any logged in User can use this endpoint to request an Entitlement Entitlements are used to grant System or Bank level roles to Users. (For Account level privileges, see Views) For a System level Role (.e.g CanGetAnyUser), set bank_id to an empty string i.e. ""bank_id"":"""" For a Bank level Role (e.g. CanCreateAccount), set bank_id to a valid value e.g. ""bank_id"":""my-bank-id"" ${userAuthenticationMessage(true)} ",Entitlement; Role; User,,,SwaggerDefinitionsJSON,,UserNotFound; UnknownError,"case ""entitlement-requests"" :: Nil JsonPost",APIMethods300.scala
v3_0_0,getAllEntitlementRequests,GET,/entitlement-requests,Get all Entitlement Requests, Get all Entitlement Requests ${userAuthenticationMessage(true)},Entitlement; Role; User,GetEntitlementRequestsAtAnyBank,,entitlementRequestsJSON,,UnknownError,"case ""entitlement-requests"" :: Nil JsonGet",APIMethods300.scala
v3_0_0,getEntitlementRequests,GET,/users/USER_ID/entitlement-requests,Get Entitlement Requests for a User,Get Entitlement Requests for a User. ${userAuthenticationMessage(true)} ,Entitlement; Role; User,GetEntitlementRequestsAtAnyBank,USER_ID,entitlementRequestsJSON,,UnknownError,"""users"" :: userId :: ""entitlement-requests"" :: Nil",APIMethods300.scala
v3_0_0,getEntitlementRequestsForCurrentUser,GET,/my/entitlement-requests,Get Entitlement Requests for the current User,Get Entitlement Requests for the current User. ${userAuthenticationMessage(true)} ,Entitlement; Role; User,,,entitlementRequestsJSON,,UnknownError,"""my"" :: ""entitlement-requests"" :: Nil",APIMethods300.scala
v3_0_0,deleteEntitlementRequest,DELETE,/entitlement-requests/ENTITLEMENT_REQUEST_ID,Delete Entitlement Request,Delete the Entitlement Request specified by ENTITLEMENT_REQUEST_ID for a user specified by USER_ID ${userAuthenticationMessage(true)},Entitlement; Role; User,DeleteEntitlementRequestsAtAnyBank,ENTITLEMENT_REQUEST_ID,entitlementJSONs,entitlementJSONs,UnknownError,"""entitlement-requests"" :: entitlementRequestId :: Nil",APIMethods300.scala
v3_0_0,getEntitlementsForCurrentUser,GET,/my/entitlements,Get Entitlements for the current User,Get Entitlements for the current User. ${userAuthenticationMessage(true)} ,Entitlement; Role; User,,,entitlementJSONs,entitlementJSONs,UnknownError,"""my"" :: ""entitlements"" :: Nil",APIMethods300.scala
v3_0_0,getApiGlossary,GET,/api/glossary,Get Glossary of the API,Get API Glossary Returns the glossary of the API ,,,,,,UnknownError,"""api"" :: ""glossary"" :: Nil",APIMethods300.scala
v3_0_0,getAccountsHeld,GET,/banks/BANK_ID/accounts-held,Get Accounts Held,"Get Accounts held by the current User if even the User has not been assigned the owner View yet. Can be used to onboard the account to the API - since all other account and transaction endpoints require views to be assigned. ${accountTypeFilterText(""/banks/BANK_ID/accounts-held"")} ",Psd2; Account; PSD2AIS; View,,BANK_ID,createCoreAccountsByCoreAccountsJSON,,UnknownError,"""banks"" :: BankId(bankId) :: ""accounts-held"" :: Nil",APIMethods300.scala
v3_0_0,getAggregateMetrics,GET,/management/aggregate-metrics,Get Aggregate Metrics,"Returns aggregate metrics on api usage eg. total count, response time (in ms), etc. Should be able to filter on the following fields eg: /management/aggregate-metrics?from_date=$DateWithMsExampleString&to_date=$DateWithMsExampleString&consumer_id=5 &user_id=66214b8e-259e-44ad-8868-3eb47be70646&implemented_by_partial_function=getTransactionsForBankAccount &implemented_in_version=v3.0.0&url=/obp/v3.0.0/banks/gh.29.uk/accounts/8ca8a7e4-6d02-48e3-a029-0b2bf89de9f0/owner/transactions &verb=GET&anon=f",,,,,,,"""management"" :: ""aggregate-metrics"" :: Nil",APIMethods300.scala
v3_0_0,addScope,POST,/consumers/CONSUMER_ID/scopes,Create Scope for a Consumer,"Create Scope. Grant Role to Consumer. Scopes are used to grant System or Bank level roles to the Consumer (App). (For Account level privileges, see Views) For a System level Role (.e.g CanGetAnyUser), set bank_id to an empty string i.e. ""bank_id"":"""" For a Bank level Role (e.g. CanCreateAccount), set bank_id to a valid value e.g. ""bank_id"":""my-bank-id"" ",Scope; Consumer,CreateScopeAtOneBank; CreateScopeAtAnyBank,CONSUMER_ID,SwaggerDefinitionsJSON,,ConsumerNotFound; UnknownError,"""consumers"" :: consumerId :: ""scopes"" :: Nil",APIMethods300.scala
v3_0_0,deleteScope,DELETE,/consumers/CONSUMER_ID/scope/SCOPE_ID,Delete Consumer Scope,Delete Consumer Scope specified by SCOPE_ID for an consumer specified by CONSUMER_ID Authentication is required and the user needs to be a Super Admin. Super Admins are listed in the Props file. ,Scope; Consumer,,CONSUMER_ID; SCOPE_ID,,,EntitlementNotFound; UnknownError,"""consumers"" :: consumerId :: ""scope"" :: scopeId :: Nil",APIMethods300.scala
v3_0_0,getScopes,GET,/consumers/CONSUMER_ID/scopes,Get Scopes for Consumer,Get all the scopes for an consumer specified by CONSUMER_ID ${userAuthenticationMessage(true)} ,Scope; Consumer,,CONSUMER_ID,createScopeJSONs,,EntitlementNotFound; UnknownError,"""consumers"" :: consumerId :: ""scopes"" :: Nil",APIMethods300.scala
v3_0_0,getBanks,GET,/banks,Get Banks,Get banks on this API instance Returns a list of banks supported on this server: * ID used as parameter in URLs * Short and full name of bank * Logo URL * Website,,,,banksJSON,,,"case ""banks"" :: Nil JsonGet",APIMethods300.scala
v3_0_0,bankById,GET,/banks/BANK_ID,Get Bank,Get the bank specified by BANK_ID Returns information about a single bank specified by BANK_ID including: * Short and full name of bank * Logo URL * Website,,,BANK_ID,createBankJSON400,,,"""banks"" :: BankId(bankId) :: Nil",APIMethods300.scala
v3_1_0,getCheckbookOrders,GET,/banks/BANK_ID/accounts/ACCOUNT_ID/VIEW_ID/checkbook/orders,Get Checkbook orders,${mockedDataText(false)}Get all checkbook orders,,,BANK_ID; ACCOUNT_ID; VIEW_ID,,,,"""banks"" :: BankId(bankId) :: ""accounts"" :: AccountId(accountId) :: ViewId(viewId) :: ""checkbook""  :: ""orders"" :: Nil",APIMethods310.scala
v3_1_0,getStatusOfCreditCardOrder,GET,/banks/BANK_ID/accounts/ACCOUNT_ID/VIEW_ID/credit_cards/orders,Get status of Credit Card order ,${mockedDataText(false)}Get status of Credit Card orders Get all orders ,,,BANK_ID; ACCOUNT_ID; VIEW_ID; _,,,,"""banks"" :: BankId(bankId) :: ""accounts"" :: AccountId(accountId) :: ViewId(viewId) :: ""credit_cards""  :: ""orders"" :: Nil",APIMethods310.scala
v3_1_0,getTopAPIs,GET,/management/metrics/top-apis,Get Top APIs,"Get metrics about the most popular APIs. e.g.: total count, response time (in ms), etc. Should be able to filter on the following fields eg: /management/metrics/top-apis?from_date=$epochTimeString&to_date=$DefaultToDateString&consumer_id=5 &user_id=66214b8e-259e-44ad-8868-3eb47be70646&implemented_by_partial_function=getTransactionsForBankAccount &implemented_in_version=v3.0.0&url=/obp/v3.0.0/banks/gh.29.uk/accounts/8ca8a7e4-6d02-48e3-a029-0b2bf89de9f0/owner/transactions &verb=GET&anon=false&app_",,,,,,,"""management"" :: ""metrics"" :: ""top-apis"" :: Nil",APIMethods310.scala
v3_1_0,getMetricsTopConsumers,GET,/management/metrics/top-consumers,Get Top Consumers,"Get metrics about the top consumers of the API usage e.g. total count, consumer_id and app_name. Should be able to filter on the following fields e.g.: /management/metrics/top-consumers?from_date=$epochTimeString&to_date=$DefaultToDateString&consumer_id=5 &user_id=66214b8e-259e-44ad-8868-3eb47be70646&implemented_by_partial_function=getTransactionsForBankAccount &implemented_in_version=v3.0.0&url=/obp/v3.0.0/banks/gh.29.uk/accounts/8ca8a7e4-6d02-48e3-a029-0b2bf89de9f0/owner/transactions &verb=GET",,,,,,,"""management"" :: ""metrics"" :: ""top-consumers"" :: Nil",APIMethods310.scala
v3_1_0,getFirehoseCustomers,GET,/banks/BANK_ID/firehose/customers,Get Firehose Customers," Get Customers that has a firehose View. Allows bulk access to customers. User must have the CanUseFirehoseAtAnyBank Role ${urlParametersDocument(true, true)} ${userAuthenticationMessage(true)} ",FirehoseData; Customer,UseCustomerFirehoseAtAnyBank,BANK_ID,customerJSONs,customerJSONs,UnknownError,"""banks"" :: BankId(bankId):: ""firehose"" ::  ""customers"" :: Nil",APIMethods310.scala
v3_1_0,getBadLoginStatus,GET,/users/USERNAME/lock-status,Get User Lock Status, Get User Login Status. ${userAuthenticationMessage(true)} ,User,ReadUserLockedStatus,USERNAME,,,UserNotFound; UnknownError,"""users"" :: username::  ""lock-status"" :: Nil",APIMethods310.scala
v3_1_0,unlockUser,PUT,/users/USERNAME/lock-status,Unlock the user, Unlock a User. (Perhaps the user was locked due to multiple failed login attempts) ${userAuthenticationMessage(true)} ,User,UnlockUser,USERNAME,,,UserNotFound; UnknownError,"""users"" :: username::  ""lock-status"" :: Nil",APIMethods310.scala
v3_1_0,callsLimit,PUT,/management/consumers/CONSUMER_ID/consumer/call-limits,Set Rate Limiting (call limits) per Consumer, Set the API rate limiting (call limits) per Consumer: Call limits can be set: Per Second Per Minute Per Hour Per Week Per Month ${userAuthenticationMessage(true)} ,Consumer,SetCallLimits,CONSUMER_ID,,,UpdateConsumerError; ConsumerNotFound; UnknownError,"""management"" :: ""consumers"" :: consumerId :: ""consumer"" :: ""call-limits"" :: Nil",APIMethods310.scala
v3_1_0,getCallsLimit,GET,/management/consumers/CONSUMER_ID/consumer/call-limits,Get Call Limits for a Consumer, Get Calls limits per Consumer. ${userAuthenticationMessage(true)} ,Consumer,SetCallLimits,CONSUMER_ID,,,UpdateConsumerError; ConsumerNotFound; UnknownError,"""management"" :: ""consumers"" :: consumerId :: ""consumer"" :: ""call-limits"" :: Nil",APIMethods310.scala
v3_1_0,checkFundsAvailable,GET,/banks/BANK_ID/accounts/ACCOUNT_ID/VIEW_ID/funds-available,Check Available Funds,Check Available Funds Mandatory URL parameters: * amount=NUMBER * currency=STRING ,,,BANK_ID; ACCOUNT_ID; VIEW_ID,,,,"""banks"" :: BankId(bankId) :: ""accounts"" :: AccountId(accountId) :: ViewId(viewId) :: ""funds-available"" :: Nil",APIMethods310.scala
v3_1_0,getConsumer,GET,/management/consumers/CONSUMER_ID,Get Consumer,Get the Consumer specified by CONSUMER_ID. ,Consumer,GetConsumers,CONSUMER_ID,consumerJSON,,ConsumerNotFound; UnknownError,"""management"" :: ""consumers"" :: consumerId :: Nil",APIMethods310.scala
v3_1_0,getConsumersForCurrentUser,GET,/management/users/current/consumers,Get Consumers (logged in User),Get the Consumers for logged in User. ,Consumer,GetConsumers,,,,UnknownError,"""management"" :: ""users"" :: ""current"" :: ""consumers"" :: Nil",APIMethods310.scala
v3_1_0,getConsumers,GET,/management/consumers,Get Consumers,"Get the all Consumers. ${userAuthenticationMessage(true)} ${urlParametersDocument(true, true)} ",Consumer,GetConsumers,,,,UnknownError,"""management"" :: ""consumers"" :: Nil",APIMethods310.scala
v3_1_0,createAccountWebhook,POST,/banks/BANK_ID/account-web-hooks,Create an Account Webhook,Create an Account Webhook $accountWebHookInfo ,,CreateWebhook,BANK_ID,,,,"""banks"" :: BankId(bankId) :: ""account-web-hooks"" :: Nil",APIMethods310.scala
v3_1_0,enableDisableAccountWebhook,PUT,/banks/BANK_ID/account-web-hooks,Enable/Disable an Account Webhook,Enable/Disable an Account Webhook $accountWebHookInfo ,,UpdateWebhook,BANK_ID,,,,"""banks"" :: BankId(bankId) :: ""account-web-hooks"" :: Nil",APIMethods310.scala
v3_1_0,getAccountWebhooks,GET,/management/banks/BANK_ID/account-web-hooks,Get Account Webhooks,"Get Account Webhooks. Possible custom URL parameters for pagination: ${urlParametersDocument(false, false)} * account_id=STRING (if null ignore) * user_id=STRING (if null ignore) ",,GetWebhooks,BANK_ID,configurationJSON,,,"""management"" :: ""banks"" :: BankId(bankId) ::""account-web-hooks"" :: Nil",APIMethods310.scala
v3_1_0,config,GET,/config,Get API Configuration,Returns information about: * The default bank_id * Akka configuration * Elastic Search configuration * Cached functions,,GetConfig,,configurationJSON,,UnknownError,"case ""config"" :: Nil JsonGet",APIMethods310.scala
v3_1_0,getAdapterInfo,GET,/adapter,Get Adapter Info,Get basic information about the Adapter. ${userAuthenticationMessage(true)} ,Api,GetAdapterInfo,,,,UnknownError,"case ""adapter"" :: Nil JsonGet",APIMethods310.scala
v3_1_0,getTransactionByIdForBankAccount,GET,/banks/BANK_ID/accounts/ACCOUNT_ID/VIEW_ID/transactions/TRANSACTION_ID/transaction,Get Transaction by Id,Returns one transaction specified by TRANSACTION_ID of the account ACCOUNT_ID and [moderated](#1_2_1-getViewsForBankAccount) by the view (VIEW_ID). ${userAuthenticationMessage(false)} Authentication is required if the view is not public. ,Transaction,,BANK_ID; ACCOUNT_ID; TRANSACTION_ID; VIEW_ID,createTransactionJSON,,BankAccountNotFound; ViewNotFound; UnknownError,"""banks"" :: BankId(bankId) :: ""accounts"" :: AccountId(accountId) :: ViewId(viewId) :: ""transactions"" :: TransactionId(transactionId) :: ""transaction"" :: Nil",APIMethods310.scala
v3_1_0,getTransactionRequests,GET,/banks/BANK_ID/accounts/ACCOUNT_ID/VIEW_ID/transaction-requests,Get Transaction Requests.,"Returns transaction requests for account specified by ACCOUNT_ID at bank specified by BANK_ID. The VIEW_ID specified must be 'owner' and the user must have access to this view. Version 2.0.0 now returns charge information. Transaction Requests serve to initiate transactions that may or may not proceed. They contain information including: * Transaction Request Id * Type * Status (INITIATED, COMPLETED) * Challenge (in order to confirm the request) * From Bank / Account * Details including Currency",PSD2PIS; TransactionRequest,,BANK_ID; ACCOUNT_ID; VIEW_ID,transactionRequestWithChargeJSONs210,transactionRequestWithChargeJSONs210,BankNotFound; BankAccountNotFound; UnknownError,"""banks"" :: BankId(bankId) :: ""accounts"" :: AccountId(accountId) :: ViewId(viewId) :: ""transaction-requests"" :: Nil",APIMethods310.scala
v3_1_0,createCustomer,POST,/banks/BANK_ID/customers,Create Customer," The Customer resource stores the customer number (which is set by the backend), legal name, email, phone number, their date of birth, relationship status, education attained, a url for a profile image, KYC status etc. Dates need to be in the format 2013-01-21T23:08:00Z Note: If you need to set a specific customer number, use the Update Customer Number endpoint after this call. ${userAuthenticationMessage(true)} ",Person; Customer,CreateCustomer; CreateCustomerAtAnyBank,BANK_ID,,,UserNotFound; BankNotFound; CreateCustomerError; UnknownError,"""banks"" :: BankId(bankId) :: ""customers"" :: Nil",APIMethods310.scala
v3_1_0,getRateLimitingInfo,GET,/rate-limiting,Get Rate Limiting Info,Get information about the Rate Limiting setup on this OBP Instance such as: Is rate limiting enabled and active? What backend is used to keep track of the API calls (e.g. REDIS). Note: Rate limiting can be set at the Consumer level and also for anonymous calls. See the consumer rate limits / call limits endpoints. ${userAuthenticationMessage(true)} ,Api; RateLimits,,,,,UnknownError,"case ""rate-limiting"" :: Nil JsonGet",APIMethods310.scala
v3_1_0,getCustomerByCustomerId,GET,/banks/BANK_ID/customers/CUSTOMER_ID,Get Customer by CUSTOMER_ID,Gets the Customer specified by CUSTOMER_ID. ${userAuthenticationMessage(true)} ,Customer,GetCustomer,BANK_ID; CUSTOMER_ID,,,UserCustomerLinksNotFound; UnknownError,"""banks"" :: BankId(bankId) :: ""customers"" :: customerId :: Nil",APIMethods310.scala
v3_1_0,getCustomerByCustomerNumber,POST,/banks/BANK_ID/customers/customer-number,Get Customer by CUSTOMER_NUMBER,Gets the Customer specified by CUSTOMER_NUMBER. ${userAuthenticationMessage(true)} ,Customer; Kyc,GetCustomer,BANK_ID,,,UserCustomerLinksNotFound; UnknownError,"""banks"" :: BankId(bankId) :: ""customers"" :: ""customer-number"" :: Nil",APIMethods310.scala
v3_1_0,createUserAuthContext,POST,/users/USER_ID/auth-context,Create User Auth Context,Create User Auth Context. These key value pairs will be propagated over connector to adapter. Normally used for mapping OBP user and Bank User/Customer. ${userAuthenticationMessage(true)} ,User,CreateUserAuthContext,USER_ID,,,CreateUserAuthContextError; UnknownError,"""users"" :: userId ::""auth-context"" :: Nil",APIMethods310.scala
v3_1_0,getUserAuthContexts,GET,/users/USER_ID/auth-context,Get User Auth Contexts,Get User Auth Contexts for a User. ${userAuthenticationMessage(true)} ,User,,USER_ID,,,UnknownError,"""users"" :: userId :: ""auth-context"" :: Nil",APIMethods310.scala
v3_1_0,deleteUserAuthContexts,DELETE,/users/USER_ID/auth-context,Delete User's Auth Contexts,Delete the Auth Contexts of a User specified by USER_ID. ${userAuthenticationMessage(true)} ,User,DeleteUserAuthContext,USER_ID,,,UnknownError,"""users"" :: userId :: ""auth-context"" :: Nil",APIMethods310.scala
v3_1_0,deleteUserAuthContextById,DELETE,/users/USER_ID/auth-context/USER_AUTH_CONTEXT_ID,Delete User Auth Context,Delete a User AuthContext of the User specified by USER_AUTH_CONTEXT_ID. ${userAuthenticationMessage(true)} ,User,DeleteUserAuthContext,USER_ID; USER_AUTH_CONTEXT_ID,,,UnknownError,"""users"" :: userId :: ""auth-context"" :: userAuthContextId :: Nil",APIMethods310.scala
v3_1_0,createTaxResidence,POST,/banks/BANK_ID/customers/CUSTOMER_ID/tax-residence,Create Tax Residence,Create a Tax Residence for a Customer specified by CUSTOMER_ID. ${userAuthenticationMessage(true)} ,Customer; Kyc,CreateTaxResidence,BANK_ID; CUSTOMER_ID,,,UnknownError,"""banks"" :: BankId(bankId) :: ""customers"" :: customerId :: ""tax-residence"" :: Nil",APIMethods310.scala
v3_1_0,getTaxResidence,GET,/banks/BANK_ID/customers/CUSTOMER_ID/tax-residences,Get Tax Residences of Customer,Get the Tax Residences of the Customer specified by CUSTOMER_ID. ${userAuthenticationMessage(true)} ,Customer; Kyc,,BANK_ID; CUSTOMER_ID,,,UnknownError,"""banks"" :: BankId(bankId) :: ""customers"" :: customerId :: ""tax-residences"" :: Nil",APIMethods310.scala
v3_1_0,deleteTaxResidence,DELETE,/banks/BANK_ID/customers/CUSTOMER_ID/tax_residencies/TAX_RESIDENCE_ID,Delete Tax Residence,Delete a Tax Residence of the Customer specified by TAX_RESIDENCE_ID. ${userAuthenticationMessage(true)} ,Customer; Kyc,,BANK_ID; CUSTOMER_ID; _; TAX_RESIDENCE_ID,entitlementJSONs,entitlementJSONs,UnknownError,"""banks"" :: BankId(bankId) :: ""customers"" :: customerId :: ""tax_residencies"" :: taxResidenceId :: Nil",APIMethods310.scala
v3_1_0,getAllEntitlements,GET,/entitlements,Get all Entitlements, Login is required. Possible filter on the role field: eg: /entitlements?role=${canGetCustomer.toString} ,Entitlement; Role,,,entitlementJSONs,entitlementJSONs,UnknownError,"case ""entitlements"" :: Nil JsonGet",APIMethods310.scala
v3_1_0,createCustomerAddress,POST,/banks/BANK_ID/customers/CUSTOMER_ID/address,Create Address,Create an Address for a Customer specified by CUSTOMER_ID. ${userAuthenticationMessage(true)} ,Customer,CreateCustomerAddress,BANK_ID; CUSTOMER_ID,,,UnknownError,"""banks"" :: BankId(bankId) :: ""customers"" :: customerId :: ""address"" :: Nil",APIMethods310.scala
v3_1_0,updateCustomerAddress,PUT,/banks/BANK_ID/customers/CUSTOMER_ID/addresses/CUSTOMER_ADDRESS_ID,Update the Address of a Customer,Update an Address of the Customer specified by CUSTOMER_ADDRESS_ID. ${userAuthenticationMessage(true)} ,Customer,,BANK_ID; CUSTOMER_ADDRESS_ID; CUSTOMER_ID,,,UnknownError,"""banks"" :: BankId(bankId) :: ""customers"" :: customerId :: ""addresses"" :: customerAddressId :: Nil",APIMethods310.scala
v3_1_0,getCustomerAddresses,GET,/banks/BANK_ID/customers/CUSTOMER_ID/addresses,Get Customer Addresses,Get the Addresses of the Customer specified by CUSTOMER_ID. ${userAuthenticationMessage(true)} ,Customer; Kyc,GetCustomerAddress,BANK_ID; CUSTOMER_ID,,,UnknownError,"""banks"" :: BankId(bankId) :: ""customers"" :: customerId :: ""addresses"" :: Nil",APIMethods310.scala
v3_1_0,deleteCustomerAddress,DELETE,/banks/BANK_ID/customers/CUSTOMER_ID/addresses/CUSTOMER_ADDRESS_ID,Delete Customer Address,Delete an Address of the Customer specified by CUSTOMER_ADDRESS_ID. ${userAuthenticationMessage(true)} ,Customer; Kyc,DeleteCustomerAddress,BANK_ID; CUSTOMER_ADDRESS_ID; CUSTOMER_ID,,,UnknownError,"""banks"" :: BankId(bankId) :: ""customers"" :: customerId :: ""addresses"" :: customerAddressId :: Nil",APIMethods310.scala
v3_1_0,getObpConnectorLoopback,GET,/connector/loopback,Get Connector Status (Loopback),This endpoint makes a call to the Connector to check the backend transport is reachable. (WIP) ${userAuthenticationMessage(true)} ,Api,,,,,UnknownError,"""connector"" :: ""loopback"" :: Nil",APIMethods310.scala
v3_1_0,refreshUser,POST,/users/USER_ID/refresh,Refresh User,"The endpoint is used for updating the accounts, views, account holders for the user. As to the Json body, you can leave it as Empty. This call will get data from backend, no need to prepare the json body in api side. ${userAuthenticationMessage(true)} ",User,RefreshUser,USER_ID,,,UnknownError,"""users"" :: userId :: ""refresh"" :: Nil",APIMethods310.scala
v3_1_0,createProductAttribute,POST,/banks/BANK_ID/products/PRODUCT_CODE/attribute,Create Product Attribute,"Create Product Attribute $productAttributeGeneralInfo Typical product attributes might be: ISIN (for International bonds) VKN (for German bonds) REDCODE (markit short code for credit derivative) LOAN_ID (e.g. used for Anacredit reporting) ISSUE_DATE (When the bond was issued in the market) MATURITY_DATE (End of life time of a product) TRADABLE See [FPML](http://www.fpml.org/) for more examples. The type field must be one of ""STRING"", ""INTEGER"", ""DOUBLE"" or DATE_WITH_DAY"" ${userAuthenticationMess",Product,CreateProductAttribute,BANK_ID; PRODUCT_CODE,,,UnknownError,"""banks"" :: bankId :: ""products"" :: productCode:: ""attribute"" :: Nil",APIMethods310.scala
v3_1_0,getProductAttribute,GET,/banks/BANK_ID/products/PRODUCT_CODE/attributes/PRODUCT_ATTRIBUTE_ID,Get Product Attribute,Get Product Attribute $productAttributeGeneralInfo Get one product attribute by its id. ${userAuthenticationMessage(true)} ,Product,GetProductAttribute,BANK_ID; PRODUCT_ATTRIBUTE_ID; PRODUCT_CODE,,,UnknownError,"""banks"" :: bankId :: ""products"" :: productCode:: ""attributes"" :: productAttributeId :: Nil",APIMethods310.scala
v3_1_0,updateProductAttribute,PUT,/banks/BANK_ID/products/PRODUCT_CODE/attributes/PRODUCT_ATTRIBUTE_ID,Update Product Attribute,Update Product Attribute. $productAttributeGeneralInfo Update one Product Attribute by its id. ${userAuthenticationMessage(true)} ,Product,UpdateProductAttribute,BANK_ID; PRODUCT_ATTRIBUTE_ID; PRODUCT_CODE,,,UnknownError,"""banks"" :: bankId :: ""products"" :: productCode:: ""attributes"" :: productAttributeId :: Nil",APIMethods310.scala
v3_1_0,deleteProductAttribute,DELETE,/banks/BANK_ID/products/PRODUCT_CODE/attributes/PRODUCT_ATTRIBUTE_ID,Delete Product Attribute,Delete Product Attribute $productAttributeGeneralInfo Delete a Product Attribute by its id. ${userAuthenticationMessage(true)} ,Product,UpdateProductAttribute,BANK_ID; PRODUCT_ATTRIBUTE_ID; PRODUCT_CODE,,,BankNotFound; UnknownError,"""banks"" :: bankId :: ""products"" :: productCode:: ""attributes"" :: productAttributeId :: Nil",APIMethods310.scala
v3_1_0,createAccountApplication,POST,/banks/BANK_ID/account-applications,Create Account Application,Create Account Application ${userAuthenticationMessage(true)} ,Account; AccountApplication,,BANK_ID,,,UnknownError,"""banks"" :: BankId(bankId) :: ""account-applications"" :: Nil",APIMethods310.scala
v3_1_0,getAccountApplications,GET,/banks/BANK_ID/account-applications,Get Account Applications,Get the Account Applications. ${userAuthenticationMessage(true)} ,Account; AccountApplication,,BANK_ID,,,UnknownError,"""banks"" :: BankId(bankId) ::""account-applications"" :: Nil",APIMethods310.scala
v3_1_0,getAccountApplication,GET,/banks/BANK_ID/account-applications/ACCOUNT_APPLICATION_ID,Get Account Application by Id,Get the Account Application. ${userAuthenticationMessage(true)} ,Account; AccountApplication,,BANK_ID; ACCOUNT_APPLICATION_ID,,,UnknownError,"""banks"" :: BankId(bankId) ::""account-applications"":: accountApplicationId :: Nil",APIMethods310.scala
v3_1_0,updateAccountApplicationStatus,PUT,/banks/BANK_ID/account-applications/ACCOUNT_APPLICATION_ID,Update Account Application Status,Update an Account Application status ${userAuthenticationMessage(true)} ,Account; AccountApplication,,BANK_ID; ACCOUNT_APPLICATION_ID,,,UnknownError,"""banks"" :: BankId(bankId) ::""account-applications"" :: accountApplicationId :: Nil",APIMethods310.scala
v3_1_0,createProduct,PUT,/banks/BANK_ID/products/PRODUCT_CODE,Create Product,Create or Update Product for the Bank. Typical Super Family values / Asset classes are: Debt Equity FX Commodity Derivative $productHiearchyAndCollectionNote ${userAuthenticationMessage(true) } ,Product,CreateProductAtAnyBank; CreateProduct,BANK_ID; PRODUCT_CODE,,,BankNotFound; UnknownError,"""banks"" :: BankId(bankId) :: ""products"" :: ProductCode(productCode) :: Nil",APIMethods310.scala
v3_1_0,getProductTree,GET,/banks/BANK_ID/product-tree/PRODUCT_CODE,Get Product Tree,Returns information about a particular financial product specified by BANK_ID and PRODUCT_CODE and it's parent product(s) recursively as specified by parent_product_code. Each product includes the following information. * Name * Code * Parent Product Code * Category * Family * Super Family * More info URL * Description * Terms and Conditions * License: The licence under which this product data is released. Licence can be an Open Data licence such as Open Data Commons Public Domain Dedication and,Product,,BANK_ID; PRODUCT_CODE,,,UnknownError; ProductNotFound,"""banks"" :: BankId(bankId) :: ""product-tree"" :: ProductCode(productCode) :: Nil",APIMethods310.scala
v3_1_0,createAccountAttribute,POST,/banks/BANK_ID/accounts/ACCOUNT_ID/products/PRODUCT_CODE/attribute,Create Account Attribute,"Create Account Attribute $accountAttributeGeneralInfo Typical account attributes might be: ISIN (for International bonds) VKN (for German bonds) REDCODE (markit short code for credit derivative) LOAN_ID (e.g. used for Anacredit reporting) ISSUE_DATE (When the bond was issued in the market) MATURITY_DATE (End of life time of a product) TRADABLE See [FPML](http://www.fpml.org/) for more examples. The type field must be one of ""STRING"", ""INTEGER"", ""DOUBLE"" or DATE_WITH_DAY"" ${userAuthenticationMess",Account,CreateAccountAttributeAtOneBank,BANK_ID; ACCOUNT_ID; PRODUCT_CODE,,,UnknownError,"""banks"" :: bankId :: ""accounts"" :: accountId :: ""products"" :: productCode :: ""attribute"" :: Nil",APIMethods310.scala
v3_1_0,updateAccountAttribute,PUT,/banks/BANK_ID/accounts/ACCOUNT_ID/products/PRODUCT_CODE/attributes/ACCOUNT_ATTRIBUTE_ID,Update Account Attribute,Update Account Attribute $accountAttributeGeneralInfo Typical account attributes might be: ISIN (for International bonds) VKN (for German bonds) REDCODE (markit short code for credit derivative) LOAN_ID (e.g. used for Anacredit reporting) ISSUE_DATE (When the bond was issued in the market) MATURITY_DATE (End of life time of a product) TRADABLE See [FPML](http://www.fpml.org/) for more examples. ${userAuthenticationMessage(true)} ,Account,UpdateAccountAttribute,BANK_ID; ACCOUNT_ID; PRODUCT_CODE; ACCOUNT_ATTRIBUTE_ID,,,UnknownError,"""banks"" :: bankId :: ""accounts"" :: accountId :: ""products"" :: productCode :: ""attributes"" :: accountAttributeId :: Nil",APIMethods310.scala
v3_1_0,createProductCollection,PUT,/banks/BANK_ID/product-collections/COLLECTION_CODE,Create Product Collection,"Create or Update a Product Collection at the Bank. Use Product Collections to create Product ""Baskets"", ""Portfolios"", ""Indices"", ""Collections"", ""Underlyings-lists"", ""Buckets"" etc. etc. There is a many to many relationship between Products and Product Collections: * A Product can exist in many Collections * A Collection can contain many Products. A collection has collection code, one parent Product and one or more child Products. $productHiearchyAndCollectionNote ${userAuthenticationMessage(true)",ProductCollection; Product,MaintainProductCollection,BANK_ID; COLLECTION_CODE,,,BankNotFound; UnknownError,"""banks"" :: BankId(bankId) :: ""product-collections"" :: collectionCode :: Nil",APIMethods310.scala
v3_1_0,getProductCollection,GET,/banks/BANK_ID/product-collections/COLLECTION_CODE,Get Product Collection,Returns information about the financial Product Collection specified by BANK_ID and COLLECTION_CODE: ,ProductCollection; Product,,BANK_ID; COLLECTION_CODE,,,BankNotFound; UnknownError,"""banks"" :: BankId(bankId) :: ""product-collections"" :: collectionCode :: Nil",APIMethods310.scala
v3_1_0,deleteBranch,DELETE,/banks/BANK_ID/branches/BRANCH_ID,Delete Branch,Delete Branch from given Bank. ${userAuthenticationMessage(true) } ,Branch,DeleteBranchAtAnyBank; DeleteBranch,BANK_ID; BRANCH_ID,,,BankNotFound; UnknownError,"""banks"" :: BankId(bankId) :: ""branches"" :: BranchId(branchId) :: Nil",APIMethods310.scala
v3_1_0,createMeeting,POST,/banks/BANK_ID/meetings,Create Meeting (video conference/call),Create Meeting: Initiate a video conference/call with the bank. The Meetings resource contains meta data about video/other conference sessions provider_id determines the provider of the meeting / video chat service. MUST be url friendly (no spaces). purpose_id explains the purpose of the chat. onboarding mortgage complaint etc. MUST be url friendly (no spaces). Login is required. This call is **experimental**. Currently staff_user_id is not set. Further calls will be needed to correctly set this,Meeting; Customer; Experimental,,BANK_ID,,,BankNotFound; UnknownError,"""banks"" :: BankId(bankId) :: ""meetings"" :: Nil",APIMethods310.scala
v3_1_0,getMeetings,GET,/banks/BANK_ID/meetings,Get Meetings,"Meetings contain meta data about, and are used to facilitate, video conferences / chats etc. The actual conference/chats are handled by external services. Login is required. This call is **experimental** and will require further authorisation in the future.",Meeting; Customer; Experimental,,BANK_ID,,,BankNotFound; UnknownError,"""banks"" :: BankId(bankId) :: ""meetings"" :: Nil",APIMethods310.scala
v3_1_0,getMessageDocsSwagger,GET,/message-docs/CONNECTOR/swagger2.0,Get Message Docs Swagger," This endpoint provides example message docs in swagger format. It is only relavent for REST Connectors. This endpoint can be used by the developer building a REST Adapter that connects to the Core Banking System (CBS). That is, the Adapter developer can use the Swagger surfaced here to build the REST APIs that the OBP REST connector will call to consume CBS services. i.e.: OBP API (Core OBP API code) -> OBP REST Connector (OBP REST Connector code) -> OBP REST Adapter (Adapter developer code) ->",Api; Documentation,,CONNECTOR,,,UnknownError,"""message-docs"" :: restConnectorVersion ::""swagger2.0"" :: Nil",APIMethods310.scala
v3_1_0,createConsentEmail,POST,/banks/BANK_ID/my/consents/EMAIL,Create Consent (EMAIL)," This endpoint starts the process of creating a Consent. The Consent is created in an ${ConsentStatus.INITIATED} state. A One Time Password (OTP) (AKA security challenge) is sent Out of Band (OOB) to the User via the transport defined in SCA_METHOD SCA_METHOD is typically ""SMS"",""EMAIL"" or ""IMPLICIT"". ""EMAIL"" is used for testing purposes. OBP mapped mode ""IMPLICIT"" is ""EMAIL"". Other mode, bank can decide it in the connector method 'getConsentImplicitSCA'. When the Consent is created, OBP (or a ba",,,BANK_ID; EMAIL,,,,N/A,APIMethods310.scala
v3_1_0,createConsentSms,POST,/banks/BANK_ID/my/consents/SMS,Create Consent (SMS)," This endpoint starts the process of creating a Consent. The Consent is created in an ${ConsentStatus.INITIATED} state. A One Time Password (OTP) (AKA security challenge) is sent Out of Band (OOB) to the User via the transport defined in SCA_METHOD SCA_METHOD is typically ""SMS"",""EMAIL"" or ""IMPLICIT"". ""EMAIL"" is used for testing purposes. OBP mapped mode ""IMPLICIT"" is ""EMAIL"". Other mode, bank can decide it in the connector method 'getConsentImplicitSCA'. When the Consent is created, OBP (or a ba",,,BANK_ID; SMS,,,,N/A,APIMethods310.scala
v3_1_0,createConsentImplicit,POST,/banks/BANK_ID/my/consents/IMPLICIT,Create Consent (IMPLICIT)," This endpoint starts the process of creating a Consent. The Consent is created in an ${ConsentStatus.INITIATED} state. A One Time Password (OTP) (AKA security challenge) is sent Out of Band (OOB) to the User via the transport defined in SCA_METHOD SCA_METHOD is typically ""SMS"",""EMAIL"" or ""IMPLICIT"". ""EMAIL"" is used for testing purposes. OBP mapped mode ""IMPLICIT"" is ""EMAIL"". Other mode, bank can decide it in the connector method 'getConsentImplicitSCA'. When the Consent is created, OBP (or a ba",,,BANK_ID; IMPLICIT,,,,N/A,APIMethods310.scala
v3_1_0,answerConsentChallenge,POST,/banks/BANK_ID/consents/CONSENT_ID/challenge,Answer Consent Challenge, $generalObpConsentText This endpoint is used to confirm a Consent previously created. The User must supply a code that was sent out of band (OOB) for example via an SMS. ${userAuthenticationMessage(true)} ,,,BANK_ID; CONSENT_ID,,,,"""banks"" :: BankId(bankId) :: ""consents""  :: consentId :: ""challenge"" :: Nil",APIMethods310.scala
v3_1_0,getConsents,GET,/banks/BANK_ID/my/consents,Get Consents, This endpoint gets the Consents that the current User created. ${userAuthenticationMessage(true)} ,Psd2; Consent; PSD2AIS,,BANK_ID,,,BankNotFound; UnknownError,"""banks"" :: BankId(bankId) :: ""my"" :: ""consents"" :: Nil",APIMethods310.scala
v3_1_0,createUserAuthContextUpdateRequest,POST,/banks/BANK_ID/users/current/auth-context-updates/SCA_METHOD,Create User Auth Context Update Request,"Create User Auth Context Update Request. ${userAuthenticationMessage(true)} A One Time Password (OTP) (AKA security challenge) is sent Out of Band (OOB) to the User via the transport defined in SCA_METHOD SCA_METHOD is typically ""SMS"" or ""EMAIL"". ""EMAIL"" is used for testing purposes. ",User,,BANK_ID; SCA_METHOD,,,CreateUserAuthContextError; UnknownError,"""banks"" :: BankId(bankId) :: ""users"" :: ""current"" ::""auth-context-updates"" :: scaMethod :: Nil",APIMethods310.scala
v3_1_0,answerUserAuthContextUpdateChallenge,POST,/banks/BANK_ID/users/current/auth-context-updates/AUTH_CONTEXT_UPDATE_ID/challenge,Answer Auth Context Update Challenge, Answer Auth Context Update Challenge. ,,,BANK_ID; AUTH_CONTEXT_UPDATE_ID,,,,"""banks"" :: BankId(bankId) :: ""users"" :: ""current"" ::""auth-context-updates""  :: authContextUpdateId :: ""challenge"" :: Nil",APIMethods310.scala
v3_1_0,createSystemView,POST,/system-views,Create System View,Create a system view ${userAuthenticationMessage(true)} and the user needs to have access to the $canCreateSystemView entitlement. The 'alias' field in the JSON can take one of two values: * _public_: to use the public alias if there is one specified for the other account. * _private_: to use the private alias if there is one specified for the other account. * _''(empty string)_: to use no alias; the view shows the real name of the other account. The 'hide_metadata_if_alias_used' field in the JS,SystemView,CreateSystemView,,SwaggerDefinitionsJSON,,UnknownError,"case ""system-views"" :: Nil JsonPost",APIMethods310.scala
v3_1_0,updateSystemView,PUT,/system-views/VIEW_ID,Update System View,"Update an existing view on a bank account ${userAuthenticationMessage(true)} and the user needs to have access to the owner view. The json sent is the same as during view creation (above), with one difference: the 'name' field of a view is not editable (it is only set when a view is created)",SystemView,UpdateSystemView,VIEW_ID,UpdateViewJSON,,BankAccountNotFound; UnknownError,"""system-views"" :: viewId :: Nil",APIMethods310.scala
v3_1_0,getMethodRoutings,GET,/management/method_routings,Get MethodRoutings,"Get the all MethodRoutings. Query url parameters: * method_name: filter with method_name * active: if active = true, it will show all the webui_ props. Even if they are set yet, we will return all the default webui_ props eg: ${getObpApiRoot}/v3.1.0/management/method_routings?active=true ${getObpApiRoot}/v3.1.0/management/method_routings?method_name=getBank ",,GetMethodRoutings,_,,,,N/A,APIMethods310.scala
v3_1_0,createMethodRouting,POST,/management/method_routings,Create MethodRouting,"Create a MethodRouting. ${userAuthenticationMessage(true)} Explanation of Fields: * method_name is required String value, current supported value: $supportedConnectorNames * connector_name is required String value * is_bank_id_exact_match is required boolean value, if bank_id_pattern is exact bank_id value, this value is true; if bank_id_pattern is null or a regex, this value is false * bank_id_pattern is optional String value, it can be null, a exact bank_id or a regex * parameters is optional ",,,_,,,,"""management"" :: ""method_routings"" :: Nil",APIMethods310.scala
v3_1_0,updateMethodRouting,PUT,/management/method_routings/METHOD_ROUTING_ID,Update MethodRouting,"Update a MethodRouting. ${userAuthenticationMessage(true)} Explaination of Fields: * method_name is required String value, current supported value: $supportedConnectorNames * connector_name is required String value * is_bank_id_exact_match is required boolean value, if bank_id_pattern is exact bank_id value, this value is true; if bank_id_pattern is null or a regex, this value is false * bank_id_pattern is optional String value, it can be null, a exact bank_id or a regex * parameters is optional",,,METHOD_ROUTING_ID; _,,,,"""management"" :: ""method_routings"" :: methodRoutingId :: Nil",APIMethods310.scala
v3_1_0,deleteMethodRouting,DELETE,/management/method_routings/METHOD_ROUTING_ID,Delete MethodRouting,Delete a MethodRouting specified by METHOD_ROUTING_ID. ${userAuthenticationMessage(true)} ,MethodRouting; Api,DeleteMethodRouting,METHOD_ROUTING_ID; _,,,UnknownError,"""management"" :: ""method_routings"" :: methodRoutingId :: Nil",APIMethods310.scala
v3_1_0,updateCustomerEmail,PUT,/banks/BANK_ID/customers/CUSTOMER_ID/email,Update the email of a Customer,Update an email of the Customer specified by CUSTOMER_ID. ${userAuthenticationMessage(true)} ,Customer,,BANK_ID; CUSTOMER_ID,,,UnknownError,"""banks"" :: BankId(bankId) :: ""customers"" :: customerId :: ""email"" :: Nil",APIMethods310.scala
v3_1_0,updateCustomerNumber,PUT,/banks/BANK_ID/customers/CUSTOMER_ID/number,Update the number of a Customer,Update the number of the Customer specified by CUSTOMER_ID. ${userAuthenticationMessage(true)} ,Customer,,BANK_ID; CUSTOMER_ID,,,UnknownError,"""banks"" :: BankId(bankId) :: ""customers"" :: customerId :: ""number"" :: Nil",APIMethods310.scala
v3_1_0,updateCustomerMobileNumber,PUT,/banks/BANK_ID/customers/CUSTOMER_ID/mobile-number,Update the mobile number of a Customer,Update the mobile number of the Customer specified by CUSTOMER_ID. ${userAuthenticationMessage(true)} ,Customer,,BANK_ID; CUSTOMER_ID,,,UnknownError,"""banks"" :: BankId(bankId) :: ""customers"" :: customerId :: ""mobile-number"" :: Nil",APIMethods310.scala
v3_1_0,updateCustomerIdentity,PUT,/banks/BANK_ID/customers/CUSTOMER_ID/identity,Update the identity data of a Customer,Update the identity data of the Customer specified by CUSTOMER_ID. ${userAuthenticationMessage(true)} ,Customer,,BANK_ID; CUSTOMER_ID,,,UnknownError,"""banks"" :: BankId(bankId) :: ""customers"" :: customerId :: ""identity"" :: Nil",APIMethods310.scala
v3_1_0,updateCustomerCreditLimit,PUT,/banks/BANK_ID/customers/CUSTOMER_ID/credit-limit,Update the credit limit of a Customer,Update the credit limit of the Customer specified by CUSTOMER_ID. ${userAuthenticationMessage(true)} ,Customer,,BANK_ID; CUSTOMER_ID,,,UnknownError,"""banks"" :: BankId(bankId) :: ""customers"" :: customerId :: ""credit-limit"" :: Nil",APIMethods310.scala
v3_1_0,updateCustomerCreditRatingAndSource,PUT,/banks/BANK_ID/customers/CUSTOMER_ID/credit-rating-and-source,Update the credit rating and source of a Customer,Update the credit rating and source of the Customer specified by CUSTOMER_ID. ${userAuthenticationMessage(true)} ,Customer,,BANK_ID; CUSTOMER_ID,,,UnknownError,"""banks"" :: BankId(bankId) :: ""customers"" :: customerId :: ""credit-rating-and-source"" :: Nil",APIMethods310.scala
v3_1_0,updateAccount,PUT,/management/banks/BANK_ID/accounts/ACCOUNT_ID,Update Account,Update the account. ${userAuthenticationMessage(true)} ,Account,UpdateAccount,BANK_ID; ACCOUNT_ID,,,BankAccountNotFound; UnknownError,"""management"" :: ""banks"" :: BankId(bankId) :: ""accounts"" :: AccountId(accountId) :: Nil",APIMethods310.scala
v3_1_0,addCardForBank,POST,/management/banks/BANK_ID/cards,Create Card,Create Card at bank specified by BANK_ID . ${userAuthenticationMessage(true)} ,Card,CreateCardsForBank,BANK_ID,,,UnknownError,"""management"" :: ""banks"" :: BankId(bankId) :: ""cards"" :: Nil",APIMethods310.scala
v3_1_0,updatedCardForBank,PUT,/management/banks/BANK_ID/cards/CARD_ID,Update Card,Update Card at bank specified by CARD_ID . ${userAuthenticationMessage(true)} ,Card,UpdateCardsForBank,BANK_ID; CARD_ID,,,UnknownError,"""management"" :: ""banks"" :: BankId(bankId) :: ""cards"" :: cardId :: Nil",APIMethods310.scala
v3_1_0,getCardsForBank,GET,/management/banks/BANK_ID/cards,Get Cards for the specified bank,"Should be able to filter on the following fields eg:/management/banks/BANK_ID/cards?customer_id=66214b8e-259e-44ad-8868-3eb47be70646&account_id=8ca8a7e4-6d02-48e3-a029-0b2bf89de9f0 1 customer_id should be valid customer_id, otherwise, it will return an empty card list. 2 account_id should be valid account_id , otherwise, it will return an empty card list. ${userAuthenticationMessage(true)}",Card,,BANK_ID,,,BankNotFound; UnknownError,"""management"" :: ""banks"" :: BankId(bankId) :: ""cards"" :: Nil",APIMethods310.scala
v3_1_0,getCardForBank,GET,/management/banks/BANK_ID/cards/CARD_ID,Get Card By Id, This will the datails of the card. It shows the account infomation which linked the the card. Also shows the card attributes of the card. ,Card,GetCardsForBank,BANK_ID; CARD_ID,,,BankNotFound; UnknownError,"""management"" :: ""banks"" :: BankId(bankId) :: ""cards"" :: cardId :: Nil",APIMethods310.scala
v3_1_0,deleteCardForBank,DELETE,/management/banks/BANK_ID/cards/CARD_ID,Delete Card,Delete a Card at bank specified by CARD_ID . ${userAuthenticationMessage(true)} ,Card,CreateCardsForBank,BANK_ID; CARD_ID,,,UnknownError,N/A,APIMethods310.scala
v3_1_0,createCardAttribute,POST,/management/banks/BANK_ID/cards/CARD_ID/attribute,Create Card Attribute,"Create Card Attribute Card Attributes are used to describe a financial Product with a list of typed key value pairs. Each Card Attribute is linked to its Card by CARD_ID The type field must be one of ""STRING"", ""INTEGER"", ""DOUBLE"" or DATE_WITH_DAY"" ${userAuthenticationMessage(true)} ",Card,,BANK_ID; CARD_ID,,,UnknownError,N/A,APIMethods310.scala
v3_1_0,updateCardAttribute,PUT,/management/banks/BANK_ID/cards/CARD_ID/attributes/CARD_ATTRIBUTE_ID,Update Card Attribute,Update Card Attribute Card Attributes are used to describe a financial Product with a list of typed key value pairs. Each Card Attribute is linked to its Card by CARD_ID ${userAuthenticationMessage(true)} ,Card,,BANK_ID; CARD_ID; CARD_ATTRIBUTE_ID,,,UnknownError,N/A,APIMethods310.scala
v3_1_0,updateCustomerBranch,PUT,/banks/BANK_ID/customers/CUSTOMER_ID/branch,Update the Branch of a Customer,Update the Branch of the Customer specified by CUSTOMER_ID. ${userAuthenticationMessage(true)} ,Customer,,BANK_ID; CUSTOMER_ID,,,UnknownError,"""banks"" :: BankId(bankId) :: ""customers"" :: customerId :: ""branch"" :: Nil",APIMethods310.scala
v3_1_0,updateCustomerData,PUT,/banks/BANK_ID/customers/CUSTOMER_ID/data,Update the other data of a Customer,Update the other data of the Customer specified by CUSTOMER_ID. ${userAuthenticationMessage(true)} ,Customer,,BANK_ID; CUSTOMER_ID,,,UnknownError,"""banks"" :: BankId(bankId) :: ""customers"" :: customerId :: ""data"" :: Nil",APIMethods310.scala
v3_1_0,createAccount,PUT,/banks/BANK_ID/accounts/ACCOUNT_ID,Create Account,"Create Account at bank specified by BANK_ID with Id specified by ACCOUNT_ID. The User can create an Account for themself - or - the User that has the USER_ID specified in the POST body. If the PUT body USER_ID *is* specified, the logged in user must have the Role canCreateAccount. Once created, the Account will be owned by the User specified by USER_ID. If the PUT body USER_ID is *not* specified, the account will be owned by the logged in User. The 'product_code' field SHOULD be a product_code f",Account; Onboarding,CreateAccount,BANK_ID; ACCOUNT_ID,,,UserNotFound; BankNotFound; UnknownError,"""banks"" :: BankId(bankId) :: ""accounts"" :: AccountId(accountId) :: Nil",APIMethods310.scala
v3_1_0,getPrivateAccountByIdFull,GET,/banks/BANK_ID/accounts/ACCOUNT_ID/VIEW_ID/account,Get Account by Id (Full),Information returned about an account specified by ACCOUNT_ID as moderated by the view (VIEW_ID): * Number * Owners * Type * Balance * IBAN * Available views (sorted by short_name) More details about the data moderation by the view [here](#1_2_1-getViewsForBankAccount). PSD2 Context: PSD2 requires customers to have access to their account information via third party applications. This call provides balance and other account information via delegated authentication using OAuth. Authentication is ,,,BANK_ID; ACCOUNT_ID; VIEW_ID,moderatedAccountJSON310,moderatedAccountJSON310,,"""banks"" :: BankId(bankId) :: ""accounts"" :: AccountId(accountId) :: ViewId(viewId) :: ""account"" :: Nil",APIMethods310.scala
v3_1_0,saveHistoricalTransaction,POST,/management/historical/transactions ,Save Historical Transactions ," Import the historical transactions. The fields bank_id, account_id, counterparty_id in the json body are all optional ones. It support transfer money from account to account, account to counterparty and counterparty to counterparty Both bank_id + account_id and counterparty_id can identify the account, so OBP only need one of them to make the payment. So: When you need the account to account, just omit counterparty_id field.eg: { ""from"": { ""bank_id"": ""gh.29.uk"", ""account_id"": ""1ca8a7e4-6d02-48e",,,,,,,"""management"" :: ""historical"" :: ""transactions"" :: Nil",APIMethods310.scala
v3_1_0,getWebUiProps,GET,/management/webui_props,Get WebUiProps," Get the all WebUiProps key values, those props key with ""webui_"" can be stored in DB, this endpoint get all from DB. url query parameter: active: It must be a boolean string. and If active = true, it will show combination of explicit (inserted) + implicit (default) method_routings. eg: ${getObpApiRoot}/v3.1.0/management/webui_props ${getObpApiRoot}/v3.1.0/management/webui_props?active=true ",,GetWebUiProps,_,,,,N/A,APIMethods310.scala
v3_1_0,createWebUiProps,POST,/management/webui_props,Create WebUiProps,"Create a WebUiProps. ${userAuthenticationMessage(true)} Explaination of Fields: * name is required String value * value is required String value The line break and double quotations should do escape, example: ``` {""name"": ""webui_some"", ""value"": ""this value have ""line break"" and double quotations.""} ``` should do escape like this: ``` {""name"": ""webui_some"", ""value"": ""this value\\nhave \\""line break\\"" and double quotations.""} ``` Insert image examples: ``` // set width=100 and height=50 {""name"": ",,,_,,,UnknownError,"""management"" :: ""webui_props"" :: Nil",APIMethods310.scala
v3_1_0,deleteWebUiProps,DELETE,/management/webui_props/WEB_UI_PROPS_ID,Delete WebUiProps,Delete a WebUiProps specified by WEB_UI_PROPS_ID. ${userAuthenticationMessage(true)} ,WebUiProps,DeleteWebUiProps,WEB_UI_PROPS_ID; _,,,UnknownError,"""management"" :: ""webui_props"" :: webUiPropsId :: Nil",APIMethods310.scala
v3_1_0,getBankAccountsBalances,GET,/banks/BANK_ID/balances,Get Accounts Balances,Get the Balances for the Accounts of the current User at one bank.,Consumer,DisableConsumers; EnableConsumers,BANK_ID,putEnabledJSON,,UnknownError,"""banks"" :: BankId(bankId) :: ""balances"" :: Nil",APIMethods310.scala
v3_1_0,enableDisableConsumers,PUT,/management/consumers/CONSUMER_ID,Enable or Disable Consumers,Enable/Disable a Consumer specified by CONSUMER_ID. ,Consumer,DisableConsumers; EnableConsumers,CONSUMER_ID,putEnabledJSON,,UnknownError,"""management"" :: ""consumers"" :: consumerId :: Nil",APIMethods310.scala
v4_0_0,getMapperDatabaseInfo,GET,/database/info,Get Mapper Database Info,Get basic information about the Mapper Database. ${userAuthenticationMessage(true)} ,Api,GetDatabaseInfo,,,,UnknownError,"""database"" :: ""info"" :: Nil",APIMethods400.scala
v4_0_0,callsLimit,PUT,/management/consumers/CONSUMER_ID/consumer/call-limits,Set Rate Limits / Call Limits per Consumer, Set the API rate limits / call limits for a Consumer: Rate limiting can be set: Per Second Per Minute Per Hour Per Week Per Month ${userAuthenticationMessage(true)} ,RateLimits; Consumer,SetCallLimits,CONSUMER_ID,,,UpdateConsumerError; ConsumerNotFound; UnknownError,"""management"" :: ""consumers"" :: consumerId :: ""consumer"" :: ""call-limits"" :: Nil",APIMethods400.scala
v4_0_0,getBanks,GET,/banks,Get Banks,Get banks on this API instance Returns a list of banks supported on this server: * ID used as parameter in URLs * Short and full name of bank * Logo URL * Website,,,,banksJSON400,banksJSON400,,"""banks"" :: BankId(bankId) :: Nil",APIMethods400.scala
v4_0_0,getBank,GET,/banks/BANK_ID,Get Bank,Get the bank specified by BANK_ID Returns information about a single bank specified by BANK_ID including: * Short and full name of bank * Logo URL * Website,,,BANK_ID,createBankJSON400,,,"""banks"" :: BankId(bankId) :: Nil",APIMethods400.scala
v4_0_0,ibanChecker,POST,/account/check/scheme/iban,Validate and check IBAN,Validate and check IBAN for errors ,,,,,,,"""account"" :: ""check"" :: ""scheme"" :: ""iban"" :: Nil",APIMethods400.scala
v4_0_0,getDoubleEntryTransaction,GET,/banks/BANK_ID/accounts/ACCOUNT_ID/VIEW_ID/transactions/TRANSACTION_ID/double-entry-transaction,Get Double Entry Transaction,"Get Double Entry Transaction This endpoint can be used to see the double entry transactions. It returns the `bank_id`, `account_id` and `transaction_id` for the debit end the credit transaction. The other side account can be a settlement account or an OBP account. The endpoint also provide the `transaction_request` object which contains the `bank_id`, `account_id` and `transaction_request_id` of the transaction request at the origin of the transaction. Please note that if none transaction reques",Transaction,GetDoubleEntryTransactionAtAnyBank; GetDoubleEntryTransactionAtOneBank,BANK_ID; ACCOUNT_ID; TRANSACTION_ID; VIEW_ID,,,BankNotFound; BankAccountNotFound; UnknownError,"""banks"" :: BankId(bankId) :: ""accounts"" :: AccountId(accountId) :: ViewId(viewId) :: ""transactions"" :: TransactionId(transactionId) :: ""double-entry-transaction"" :: Nil",APIMethods400.scala
v4_0_0,getBalancingTransaction,GET,/transactions/TRANSACTION_ID/balancing-transaction,Get Balancing Transaction,Get Balancing Transaction ${userAuthenticationMessage(true)} ,Transaction,,TRANSACTION_ID,,,UnknownError,"""transactions"" :: TransactionId(transactionId) :: ""balancing-transaction"" :: Nil",APIMethods400.scala
v4_0_0,createSettlementAccount,POST,/banks/BANK_ID/settlement-accounts,Create Settlement Account,"Create a new settlement account at a bank. The created settlement account id will be the concatenation of the payment system and the account currency. For examples: SEPA_SETTLEMENT_ACCOUNT_EUR, CARD_SETTLEMENT_ACCOUNT_USD By default, when you create a new bank, two settlements accounts are created automatically: OBP_DEFAULT_INCOMING_ACCOUNT_ID and OBP_DEFAULT_OUTGOING_ACCOUNT_ID Those two accounts have EUR as default currency. If you want to create default settlement account for a specific curre",,,BANK_ID,,,,"""banks"" :: BankId(bankId) :: ""settlement-accounts"" :: Nil",APIMethods400.scala
v4_0_0,getSettlementAccounts,GET,/banks/BANK_ID/settlement-accounts,Get Settlement accounts at Bank,Get settlement accounts on this API instance Returns a list of settlement accounts at this Bank Note: a settlement account is considered as a bank account. So you can update it and add account attributes to it using the regular account endpoints ,Psd2; Bank,GetSettlementAccountAtOneBank,BANK_ID,,,BankNotFound; UnknownError,"""banks"" :: BankId(bankId) :: ""settlement-accounts"" :: Nil",APIMethods400.scala
v4_0_0,createTransactionRequestAccount,POST,/banks/BANK_ID/accounts/ACCOUNT_ID/VIEW_ID/transaction-request-types/ACCOUNT/transaction-requests,Create Transaction Request (ACCOUNT),"When using ACCOUNT, the payee is set in the request body. Money goes into the BANK_ID and ACCOUNT_ID specified in the request body. $transactionRequestGeneralText ",Psd2; PSD2PIS; TransactionRequest,,BANK_ID; ACCOUNT_ID; ACCOUNT; VIEW_ID,transactionRequestWithChargeJSON400,transactionRequestWithChargeJSON400,AccountNotFound; BankNotFound; BankAccountNotFound; UnknownError,N/A,APIMethods400.scala
v4_0_0,createTransactionRequestAccountOtp,POST,/banks/BANK_ID/accounts/ACCOUNT_ID/VIEW_ID/transaction-request-types/ACCOUNT_OTP/transaction-requests,Create Transaction Request (ACCOUNT_OTP),"When using ACCOUNT, the payee is set in the request body. Money goes into the BANK_ID and ACCOUNT_ID specified in the request body. $transactionRequestGeneralText ",Psd2; PSD2PIS; TransactionRequest,,BANK_ID; ACCOUNT_ID; VIEW_ID; ACCOUNT_OTP,transactionRequestWithChargeJSON400,transactionRequestWithChargeJSON400,AccountNotFound; BankNotFound; BankAccountNotFound; UnknownError,N/A,APIMethods400.scala
v4_0_0,createTransactionRequestSimple,POST,/banks/BANK_ID/accounts/ACCOUNT_ID/VIEW_ID/transaction-request-types/SIMPLE/transaction-requests,Create Transaction Request (SIMPLE), Special instructions for SIMPLE: You can transfer money to the Bank Account Number or IBAN directly. $transactionRequestGeneralText ,Psd2; PSD2PIS; TransactionRequest,,BANK_ID; ACCOUNT_ID; VIEW_ID; SIMPLE,transactionRequestWithChargeJSON400,transactionRequestWithChargeJSON400,AccountNotFound; BankNotFound; BankAccountNotFound; UnknownError,N/A,APIMethods400.scala
v4_0_0,createTransactionRequestRefund,POST,/banks/BANK_ID/accounts/ACCOUNT_ID/VIEW_ID/transaction-request-types/REFUND/transaction-requests,Create Transaction Request (REFUND)," Either the `from` or the `to` field must be filled. Those fields refers to the information about the party that will be refunded. In case the `from` object is used, it means that the refund comes from the part that sent you a transaction. In the `from` object, you have two choices : - Use `bank_id` and `account_id` fields if the other account is registered on the OBP-API - Use the `counterparty_id` field in case the counterparty account is out of the OBP-API In case the `to` object is used, it ",,,BANK_ID; ACCOUNT_ID; VIEW_ID; REFUND,transactionRequestWithChargeJSON400,transactionRequestWithChargeJSON400,AccountNotFound; BankNotFound; BankAccountNotFound; UnknownError,N/A,APIMethods400.scala
v4_0_0,createTransactionRequestAgentCashWithDrawal,POST,/banks/BANK_ID/accounts/ACCOUNT_ID/VIEW_ID/transaction-request-types/AGENT_CASH_WITHDRAWAL/transaction-requests,Create Transaction Request (AGENT_CASH_WITHDRAWAL)," Either the `from` or the `to` field must be filled. Those fields refers to the information about the party that will be refunded. In case the `from` object is used, it means that the refund comes from the part that sent you a transaction. In the `from` object, you have two choices : - Use `bank_id` and `account_id` fields if the other account is registered on the OBP-API - Use the `counterparty_id` field in case the counterparty account is out of the OBP-API In case the `to` object is used, it ",,,BANK_ID; ACCOUNT_ID; VIEW_ID; AGENT_CASH_WITHDRAWAL,transactionRequestWithChargeJSON400,transactionRequestWithChargeJSON400,AccountNotFound; BankNotFound; BankAccountNotFound; UnknownError,N/A,APIMethods400.scala
v4_0_0,createTransactionRequestCard,POST,/transaction-request-types/CARD/transaction-requests,Create Transaction Request (CARD)," When using CARD, the payee is set in the request body . Money goes into the Counterparty in the request body. $transactionRequestGeneralText ",Psd2; PSD2PIS; TransactionRequest,,CARD,transactionRequestWithChargeJSON400,transactionRequestWithChargeJSON400,AccountNotFound; BankNotFound; BankAccountNotFound; UnknownError,"""transaction-request-types"" :: ""CARD"" :: ""transaction-requests"" :: Nil",APIMethods400.scala
v4_0_0,answerTransactionRequestChallenge,POST,/banks/BANK_ID/accounts/ACCOUNT_ID/VIEW_ID/transaction-request-types/TRANSACTION_REQUEST_TYPE/transaction-requests/TRANSACTION_REQUEST_ID/challenge,Answer Transaction Request Challenge,"In Sandbox mode, any string that can be converted to a positive integer will be accepted as an answer. This endpoint totally depends on createTransactionRequest, it need get the following data from createTransactionRequest response body. 1)`TRANSACTION_REQUEST_TYPE` : is the same as createTransactionRequest request URL . 2)`TRANSACTION_REQUEST_ID` : is the `id` field in createTransactionRequest response body. 3) `id` : is `challenge.id` field in createTransactionRequest response body. 4) `answer",,,BANK_ID; TRANSACTION_REQUEST_ID; TRANSACTION_REQUEST_TYPE; VIEW_ID; ACCOUNT_ID,,,,N/A,APIMethods400.scala
v4_0_0,createTransactionRequestAttribute,POST,/banks/BANK_ID/accounts/ACCOUNT_ID/transaction-requests/TRANSACTION_REQUEST_ID/attribute,Create Transaction Request Attribute,"Create Transaction Request Attribute The type field must be one of ""STRING"", ""INTEGER"", ""DOUBLE"" or DATE_WITH_DAY"" ${userAuthenticationMessage(true)} ",TransactionRequest,CreateTransactionRequestAttributeAtOneBank,BANK_ID; ACCOUNT_ID; TRANSACTION_REQUEST_ID,,,BankNotFound; BankAccountNotFound; UnknownError,"""banks"" :: BankId(bankId) :: ""accounts"" :: AccountId(accountId) :: ""transaction-requests"" :: TransactionRequestId(transactionRequestId) :: ""attribute"" :: Nil",APIMethods400.scala
v4_0_0,getTransactionRequestAttributeById,GET,/banks/BANK_ID/accounts/ACCOUNT_ID/transaction-requests/TRANSACTION_REQUEST_ID/attributes/ATTRIBUTE_ID,Get Transaction Request Attribute By Id,Get Transaction Request Attribute By Id ${userAuthenticationMessage(true)} ,TransactionRequest,GetTransactionRequestAttributeAtOneBank,BANK_ID; ATTRIBUTE_ID; ACCOUNT_ID; TRANSACTION_REQUEST_ID,,,BankNotFound; BankAccountNotFound; UnknownError,"""banks"" :: BankId(bankId) :: ""accounts"" :: AccountId(accountId) ::  ""transaction-requests"" :: TransactionRequestId(transactionRequestId) :: ""attributes"" :: transactionRequestAttributeId :: Nil",APIMethods400.scala
v4_0_0,getTransactionRequestAttributes,GET,/banks/BANK_ID/accounts/ACCOUNT_ID/transaction-requests/TRANSACTION_REQUEST_ID/attributes,Get Transaction Request Attributes,Get Transaction Request Attributes ${userAuthenticationMessage(true)} ,TransactionRequest,GetTransactionRequestAttributesAtOneBank,BANK_ID; ACCOUNT_ID; TRANSACTION_REQUEST_ID,,,BankNotFound; BankAccountNotFound; UnknownError,"""banks"" :: BankId(bankId) :: ""accounts"" :: AccountId(accountId) :: ""transaction-requests"" :: TransactionRequestId(transactionRequestId) :: ""attributes"" :: Nil",APIMethods400.scala
v4_0_0,updateTransactionRequestAttribute,PUT,/banks/BANK_ID/accounts/ACCOUNT_ID/transaction-requests/TRANSACTION_REQUEST_ID/attributes/ATTRIBUTE_ID,Update Transaction Request Attribute,Update Transaction Request Attribute ${userAuthenticationMessage(true)} ,TransactionRequest,UpdateTransactionRequestAttributeAtOneBank,BANK_ID; ATTRIBUTE_ID; ACCOUNT_ID; TRANSACTION_REQUEST_ID,,,BankNotFound; BankAccountNotFound; UnknownError,"""banks"" :: BankId(bankId) :: ""accounts"" :: AccountId(accountId) :: ""transaction-requests"" :: TransactionRequestId(transactionRequestId) :: ""attributes"" :: transactionRequestAttributeId :: Nil",APIMethods400.scala
v4_0_0,createOrUpdateTransactionRequestAttributeDefinition,PUT,/banks/BANK_ID/attribute-definitions/transaction-request,Create or Update Transaction Request Attribute Definition,"Create or Update Transaction Request Attribute Definition The category field must be ${AttributeCategory.TransactionRequest} The type field must be one of: ${AttributeType.DOUBLE}, ${AttributeType.STRING}, ${AttributeType.INTEGER} and ${AttributeType.DATE_WITH_DAY} ${userAuthenticationMessage(true)} ",TransactionRequest,CreateTransactionRequestAttributeDefinitionAtOneBank,BANK_ID,,,BankNotFound; UnknownError,"""banks"" :: BankId(bankId) :: ""attribute-definitions"" :: ""transaction-request"" :: Nil",APIMethods400.scala
v4_0_0,getTransactionRequestAttributeDefinition,GET,/banks/BANK_ID/attribute-definitions/transaction-request,Get Transaction Request Attribute Definition,Get Transaction Request Attribute Definition ${userAuthenticationMessage(true)} ,TransactionRequest,GetTransactionRequestAttributeDefinitionAtOneBank,BANK_ID,,,BankNotFound; UnknownError,"""banks"" :: BankId(bankId) :: ""attribute-definitions"" :: ""transaction-request"" :: Nil",APIMethods400.scala
v4_0_0,deleteTransactionRequestAttributeDefinition,DELETE,/banks/BANK_ID/attribute-definitions/ATTRIBUTE_DEFINITION_ID/transaction-request,Delete Transaction Request Attribute Definition,Delete Transaction Request Attribute Definition by ATTRIBUTE_DEFINITION_ID ${userAuthenticationMessage(true)} ,TransactionRequest,DeleteTransactionRequestAttributeDefinitionAtOneBank,BANK_ID; ATTRIBUTE_DEFINITION_ID,,,BankNotFound; UnknownError,"""banks"" :: BankId(bankId) :: ""attribute-definitions"" :: attributeDefinitionId :: ""transaction-request"" :: Nil",APIMethods400.scala
v4_0_0,getSystemDynamicEntities,GET,/management/system-dynamic-entities,Get System Dynamic Entities,Get all System Dynamic Entities,,GetSystemLevelDynamicEntities,,,,,"""management"" :: ""system-dynamic-entities"" :: Nil",APIMethods400.scala
v4_0_0,getBankLevelDynamicEntities,GET,/management/banks/BANK_ID/dynamic-entities,Get Bank Level Dynamic Entities,Get all the bank level Dynamic Entities for one bank.,,GetBankLevelDynamicEntities,BANK_ID,,,,"""management"" :: ""banks"" :: bankId :: ""dynamic-entities"" :: Nil",APIMethods400.scala
v4_0_0,deleteSystemDynamicEntity,DELETE,/management/system-dynamic-entities/DYNAMIC_ENTITY_ID,Delete System Level Dynamic Entity,Delete a DynamicEntity specified by DYNAMIC_ENTITY_ID. ,Api; ManageDynamicEntity,DeleteSystemLevelDynamicEntity,DYNAMIC_ENTITY_ID,,,UnknownError,"""management"" :: ""system-dynamic-entities"" :: dynamicEntityId :: Nil",APIMethods400.scala
v4_0_0,deleteBankLevelDynamicEntity,DELETE,/management/banks/BANK_ID/dynamic-entities/DYNAMIC_ENTITY_ID,Delete Bank Level Dynamic Entity,Delete a Bank Level DynamicEntity specified by DYNAMIC_ENTITY_ID. ,Api; ManageDynamicEntity,DeleteBankLevelDynamicEntity,BANK_ID; DYNAMIC_ENTITY_ID,,,BankNotFound; UnknownError,"""management"" :: ""banks"" :: bankId :: ""dynamic-entities"" :: dynamicEntityId :: Nil",APIMethods400.scala
v4_0_0,getMyDynamicEntities,GET,/my/dynamic-entities,Get My Dynamic Entities,Get all my Dynamic Entities.,,,,,,,"""my"" :: ""dynamic-entities"" :: Nil",APIMethods400.scala
v4_0_0,deleteMyDynamicEntity,DELETE,/my/dynamic-entities/DYNAMIC_ENTITY_ID,Delete My Dynamic Entity,Delete my DynamicEntity specified by DYNAMIC_ENTITY_ID. ,Api; ManageDynamicEntity,,DYNAMIC_ENTITY_ID,,,UnknownError,"""my"" :: ""dynamic-entities"" :: dynamicEntityId :: Nil",APIMethods400.scala
v4_0_0,resetPasswordUrl,POST,/management/user/reset-password-url,Create password reset url,Create password reset url. ,User,CreateResetPasswordUrl,,,,UnknownError,"""management"" :: ""user"" :: ""reset-password-url"" :: Nil",APIMethods400.scala
v4_0_0,addAccount,POST,/banks/BANK_ID/accounts,Create Account (POST),"Create Account at bank specified by BANK_ID. The User can create an Account for themself - or - the User that has the USER_ID specified in the POST body. If the POST body USER_ID *is* specified, the logged in user must have the Role CanCreateAccount. Once created, the Account will be owned by the User specified by USER_ID. If the POST body USER_ID is *not* specified, the account will be owned by the logged in User. The 'product_code' field SHOULD be a product_code from Product. If the product_co",Account,CreateAccount,BANK_ID,,,UnknownError,"""banks"" :: BankId(bankId) :: ""accounts"" :: Nil",APIMethods400.scala
v4_0_0,getCallContext,GET,/development/call_context,Get the Call Context of a current call,Get the Call Context of the current call. ,Api,GetCallContext,_,,,UnknownError,"""development"" :: ""call_context"" :: Nil",APIMethods400.scala
v4_0_0,verifyRequestSignResponse,GET,/development/echo/jws-verified-request-jws-signed-response,Verify Request and Sign Response of a current call,Verify Request and Sign Response of a current call. ,Api,,,,,UnknownError,"""development"" :: ""echo"":: ""jws-verified-request-jws-signed-response"" :: Nil",APIMethods400.scala
v4_0_0,lockUser,POST,/users/USERNAME/locks,Lock the user, Lock a User. ${userAuthenticationMessage(true)} ,User,LockUser,USERNAME,,,UserNotFound; UnknownError,"""users"" :: username ::  ""locks"" :: Nil",APIMethods400.scala
v4_0_0,createUserWithRoles,POST,/user-entitlements,Create (DAuth) User with Roles," This endpoint is used as part of the DAuth solution to grant Entitlements for Roles to a smart contract on the blockchain. Put the smart contract address in username For provider use ""dauth"" This endpoint will create the User with username and provider if the User does not already exist. Then it will create Entitlements i.e. grant Roles to the User. Entitlements are used to grant System or Bank level roles to Users. (For Account level privileges, see Views) i.e. Entitlements are used to create ",,,,,,UnknownError,"case ""user-entitlements"" :: Nil JsonPost",APIMethods400.scala
v4_0_0,getEntitlementsForBank,GET,/banks/BANK_ID/entitlements,Get Entitlements for One Bank, ,Entitlement; Role; User,GetEntitlementsForOneBank; GetEntitlementsForAnyBank,BANK_ID,createEntitlementJSONs,,UnknownError,"""banks"" :: bankId :: ""entitlements"" :: Nil",APIMethods400.scala
v4_0_0,addTagForViewOnAccount,POST,/banks/BANK_ID/accounts/ACCOUNT_ID/VIEW_ID/metadata/tags,Create a tag on account,Posts a tag about an account ACCOUNT_ID on a [view](#1_2_1-getViewsForBankAccount) VIEW_ID. ${userAuthenticationMessage(true)} Authentication is required as the tag is linked with the user.,Account; AccountMetadata,,BANK_ID; ACCOUNT_ID; VIEW_ID,postAccountTagJSON,,BankNotFound; BankAccountNotFound; UnknownError,"""banks"" :: BankId(bankId) :: ""accounts"" :: AccountId(accountId) :: ViewId(viewId) :: ""metadata"" :: ""tags"" :: Nil",APIMethods400.scala
v4_0_0,deleteTagForViewOnAccount,DELETE,/banks/BANK_ID/accounts/ACCOUNT_ID/VIEW_ID/metadata/tags/TAG_ID,Delete a tag on account,Deletes the tag TAG_ID about the account ACCOUNT_ID made on [view](#1_2_1-getViewsForBankAccount). ${userAuthenticationMessage(true)} Authentication is required as the tag is linked with the user.,Account; AccountMetadata,,BANK_ID; ACCOUNT_ID; TAG_ID; VIEW_ID,accountTagsJSON,,BankNotFound; BankAccountNotFound; ViewNotFound; UnknownError,"""banks"" :: BankId(bankId) :: ""accounts"" :: AccountId(accountId) :: ViewId(viewId) :: ""metadata"" :: ""tags"" :: tagId :: Nil",APIMethods400.scala
v4_0_0,getCoreAccountById,GET,/my/banks/BANK_ID/accounts/ACCOUNT_ID/account,Get Account by Id (Core),Information returned about the account specified by ACCOUNT_ID: * Number - The human readable account number given by the bank that identifies the account. * Label - A label given by the owner of the account * Owners - Users that own this account * Type - The type of account * Balance - Currency and Value * Account Routings - A list that might include IBAN or national account identifiers * Account Rules - A list that might include Overdraft and other bank specific rules * Tags - A list of Tags a,,,BANK_ID; ACCOUNT_ID,,,,"""my"" :: ""banks"" :: BankId(bankId) :: ""accounts"" :: AccountId(accountId) :: ""account"" :: Nil",APIMethods400.scala
v4_0_0,getPrivateAccountByIdFull,GET,/banks/BANK_ID/accounts/ACCOUNT_ID/VIEW_ID/account,Get Account by Id (Full),Information returned about an account specified by ACCOUNT_ID as moderated by the view (VIEW_ID): * Number * Owners * Type * Balance * IBAN * Available views (sorted by short_name) More details about the data moderation by the view [here](#1_2_1-getViewsForBankAccount). PSD2 Context: PSD2 requires customers to have access to their account information via third party applications. This call provides balance and other account information via delegated authentication using OAuth. Authentication is ,,,BANK_ID; ACCOUNT_ID; VIEW_ID,moderatedAccountJSON400,moderatedAccountJSON400,,"""banks"" :: BankId(bankId) :: ""accounts"" :: AccountId(accountId) :: ViewId(viewId) :: ""account"" :: Nil",APIMethods400.scala
v4_0_0,getAccountByAccountRouting,POST,/management/accounts/account-routing-query,Get Account by Account Routing,"This endpoint returns the account (if it exists) linked with the provided scheme and address. The `bank_id` field is optional, but if it's not provided, we don't guarantee that the returned account is unique across all the banks. Example of account routing scheme: `IBAN`, ""OBP"", ""AccountNumber"", ... Example of account routing address: `DE17500105178275645584`, ""321774cc-fccd-11ea-adc1-0242ac120002"", ""55897106215"", ... ",,,,moderatedAccountJSON400,moderatedAccountJSON400,BankNotFound; BankAccountNotFound; UnknownError,"""management"" :: ""accounts"" :: ""account-routing-query"" :: Nil",APIMethods400.scala
v4_0_0,getAccountsByAccountRoutingRegex,POST,/management/accounts/account-routing-regex-query,Get Accounts by Account Routing Regex,"This endpoint returns an array of accounts matching the provided routing scheme and the routing address regex. The `bank_id` field is optional. Example of account routing scheme: `IBAN`, `OBP`, `AccountNumber`, ... Example of account routing address regex: `DE175.*`, `55897106215-[A-Z]{3}`, ... This endpoint can be used to retrieve multiples accounts matching a same account routing address pattern. For example, if you want to link multiple accounts having different currencies, you can create an ",,,,moderatedAccountsJSON400,moderatedAccountsJSON400,BankNotFound; BankAccountNotFound; UnknownError,"""management"" :: ""accounts"" :: ""account-routing-regex-query"" :: Nil",APIMethods400.scala
v4_0_0,getBankAccountsBalancesForCurrentUser,GET,/banks/BANK_ID/balances,Get Accounts Balances,Get the Balances for the Accounts of the current User at one bank.,,,BANK_ID,,,,"""banks"" :: BankId(bankId) :: ""balances"" :: Nil",APIMethods400.scala
v4_0_0,getBankAccountBalancesForCurrentUser,GET,/banks/BANK_ID/accounts/ACCOUNT_ID/balances,Get Account Balances,Get the Balances for one Account of the current User at one bank.,,,BANK_ID; ACCOUNT_ID,,,,"""banks"" :: BankId(bankId) :: ""accounts"" :: AccountId(accountId) :: ""balances"" :: Nil",APIMethods400.scala
v4_0_0,getFirehoseAccountsAtOneBank,GET,/banks/BANK_ID/firehose/accounts/views/VIEW_ID,Get Firehose Accounts at Bank," Get Accounts which have a firehose view assigned to them. This endpoint allows bulk access to accounts. Requires the CanUseFirehoseAtAnyBank Role To be shown on the list, each Account must have a firehose View linked to it. A firehose view has is_firehose = true For VIEW_ID try 'owner' optional request parameters for filter with attributes URL params example: /banks/some-bank-id/firehose/accounts/views/owner?&limit=50&offset=1 to invalid Browser cache, add timestamp query parameter as follow, t",FirehoseData; AccountFirehose; Account,UseAccountFirehose; UseAccountFirehoseAtAnyBank,BANK_ID; VIEW_ID,,,BankNotFound,N/A,APIMethods400.scala
v4_0_0,getFastFirehoseAccountsAtOneBank,GET,/management/banks/BANK_ID/fast-firehose/accounts,Get Fast Firehose Accounts at Bank," This endpoint allows bulk access to accounts. optional pagination parameters for filter with accounts ${urlParametersDocument(true, false)} ${userAuthenticationMessage(true)} ",FirehoseData; AccountFirehose; Account,UseAccountFirehose; UseAccountFirehoseAtAnyBank,BANK_ID,createFirehoseBankAccountJSON,,BankNotFound,N/A,APIMethods400.scala
v4_0_0,getCustomersByCustomerPhoneNumber,POST,/banks/BANK_ID/search/customers/mobile-phone-number,Get Customers by MOBILE_PHONE_NUMBER,"Gets the Customers specified by MOBILE_PHONE_NUMBER. There are two wildcards often used in conjunction with the LIKE operator: % - The percent sign represents zero, one, or multiple characters _ - The underscore represents a single character For example {""customer_phone_number"":""%381%""} lists all numbers which contain 381 sequence ",Customer; Kyc,GetCustomer,BANK_ID,,,UserCustomerLinksNotFound; UnknownError,"""banks"" :: BankId(bankId) :: ""search""  :: ""customers"" :: ""mobile-phone-number"" :: Nil",APIMethods400.scala
v4_0_0,getCurrentUserId,GET,/users/current/user_id,Get User Id (Current),Get the USER_ID of the logged in user ${userAuthenticationMessage(true)},User,GetAnyUser,_,,,UnknownError,"""users"" :: ""current"" :: ""user_id"" :: Nil",APIMethods400.scala
v4_0_0,getUserByUserId,GET,/users/user_id/USER_ID,Get User by USER_ID,"Get user by USER_ID ${userAuthenticationMessage(true)} CanGetAnyUser entitlement is required, ",User,GetAnyUser,USER_ID; _,createUserInfoJSON,,UserNotFound; UnknownError,"""users"" :: ""user_id"" :: userId :: Nil",APIMethods400.scala
v4_0_0,getUserByUsername,GET,/users/username/USERNAME,Get User by USERNAME,"Get user by USERNAME ${userAuthenticationMessage(true)} CanGetAnyUser entitlement is required, ",User,GetAnyUser,USERNAME,createUserInfoJSON,,UserNotFound; UnknownError,"""users"" :: ""username"" :: username :: Nil",APIMethods400.scala
v4_0_0,getUsersByEmail,GET,/users/email/EMAIL/terminator,Get Users by Email Address,"Get users by email address ${userAuthenticationMessage(true)} CanGetAnyUser entitlement is required, ",User,GetAnyUser,EMAIL,,,UserNotFound; UnknownError,"""users"" :: ""email"" :: email :: ""terminator"" :: Nil",APIMethods400.scala
v4_0_0,getUsers,GET,/users,Get all Users,"Get all users ${userAuthenticationMessage(true)} CanGetAnyUser entitlement is required, ${urlParametersDocument(false, false)} * locked_status (if null ignore) ",User,GetAnyUser,,,,UnknownError,"case ""users"" :: Nil JsonGet",APIMethods400.scala
v4_0_0,createUserInvitation,POST,/banks/BANK_ID/user-invitation,Create User Invitation,"Create User Invitation. This endpoint will send an invitation email to the developers, then they can use the link to create the obp user. purpose filed only support:${UserInvitationPurpose.values.toString()}. You can customise the email details use the following webui props: when purpose == ${UserInvitationPurpose.DEVELOPER.toString} webui_developer_user_invitation_email_subject webui_developer_user_invitation_email_from webui_developer_user_invitation_email_text webui_developer_user_invitation_",Kyc; UserInvitation,,BANK_ID,,,BankNotFound; UserCustomerLinksNotFound; UnknownError,"""banks"" :: BankId(bankId) :: ""user-invitation"" :: Nil",APIMethods400.scala
v4_0_0,getUserInvitationAnonymous,POST,/banks/BANK_ID/user-invitations,Get User Invitation Information,Get User Invitation Information. ${userAuthenticationMessage(false)} ,Kyc; UserInvitation,,BANK_ID,,,BankNotFound; UserCustomerLinksNotFound; UnknownError,"""banks"" :: BankId(bankId) :: ""user-invitations"" :: Nil",APIMethods400.scala
v4_0_0,getUserInvitation,GET,/banks/BANK_ID/user-invitations/SECRET_LINK,Get User Invitation,Get User Invitation ${userAuthenticationMessage(true)} ,UserInvitation,GetUserInvitation,BANK_ID; SECRET_LINK,,,BankNotFound; UnknownError,"""banks"" :: BankId(bankId) :: ""user-invitations"" :: secretLink :: Nil",APIMethods400.scala
v4_0_0,getUserInvitations,GET,/banks/BANK_ID/user-invitations,Get User Invitations,Get User Invitations ${userAuthenticationMessage(true)} ,UserInvitation,GetUserInvitation,BANK_ID,,,BankNotFound; UnknownError,"""banks"" :: BankId(bankId) :: ""user-invitations"" :: Nil",APIMethods400.scala
v4_0_0,deleteUser,DELETE,/users/USER_ID,Delete a User,Delete a User. ${userAuthenticationMessage(true)} ,User,DeleteUser,USER_ID,,,UnknownError,"""users"" :: userId :: Nil",APIMethods400.scala
v4_0_0,createBank,POST,/banks,Create Bank,"Create a new bank (Authenticated access). The user creating this will be automatically assigned the Role CanCreateEntitlementAtOneBank. Thus the User can manage the bank they create and assign Roles to other Users. Only SANDBOX mode The settlement accounts are created specified by the bank in the POST body. Name and account id are created in accordance to the next rules: - Incoming account (name: Default incoming settlement account, Account ID: OBP_DEFAULT_INCOMING_ACCOUNT_ID, currency: EUR) - O",Bank,CreateBank,,,,UnknownError,"case ""banks"" :: Nil JsonPost",APIMethods400.scala
v4_0_0,createDirectDebit,POST,/banks/BANK_ID/accounts/ACCOUNT_ID/VIEW_ID/direct-debit,Create Direct Debit,Create direct debit for an account. ,DirectDebit; Account,,BANK_ID; ACCOUNT_ID; VIEW_ID,,,BankNotFound; BankAccountNotFound; CustomerNotFound; UserNotFound; UnknownError; CounterpartyNotFound,"""banks"" :: BankId(bankId) :: ""accounts"" :: AccountId(accountId) :: ViewId(viewId) :: ""direct-debit"" :: Nil",APIMethods400.scala
v4_0_0,createDirectDebitManagement,POST,/management/banks/BANK_ID/accounts/ACCOUNT_ID/direct-debit,Create Direct Debit (management),Create direct debit for an account. ,DirectDebit; Account,CreateDirectDebitAtOneBank,BANK_ID; ACCOUNT_ID,,,BankNotFound; BankAccountNotFound; CustomerNotFound; UserNotFound; UnknownError; CounterpartyNotFound,"""management"" :: ""banks"" :: BankId(bankId) :: ""accounts"" :: AccountId(accountId) :: ""direct-debit"" :: Nil",APIMethods400.scala
v4_0_0,createStandingOrder,POST,/banks/BANK_ID/accounts/ACCOUNT_ID/VIEW_ID/standing-order,Create Standing Order,"Create standing order for an account. when -> frequency = {‘YEARLY’,’MONTHLY, ‘WEEKLY’, ‘BI-WEEKLY’, DAILY’} when -> detail = { ‘FIRST_MONDAY’, ‘FIRST_DAY’, ‘LAST_DAY’}} ",StandingOrder; Account,,BANK_ID; ACCOUNT_ID; VIEW_ID,,,BankNotFound; BankAccountNotFound; CustomerNotFound; UserNotFound; UnknownError,"""banks"" :: BankId(bankId) :: ""accounts"" :: AccountId(accountId) :: ViewId(viewId) :: ""standing-order"" :: Nil",APIMethods400.scala
v4_0_0,createStandingOrderManagement,POST,/management/banks/BANK_ID/accounts/ACCOUNT_ID/standing-order,Create Standing Order (management),"Create standing order for an account. when -> frequency = {‘YEARLY’,’MONTHLY, ‘WEEKLY’, ‘BI-WEEKLY’, DAILY’} when -> detail = { ‘FIRST_MONDAY’, ‘FIRST_DAY’, ‘LAST_DAY’}} ",StandingOrder; Account,CreateStandingOrderAtOneBank,BANK_ID; ACCOUNT_ID,,,BankNotFound; BankAccountNotFound; CustomerNotFound; UserNotFound; UnknownError,"""management"" :: ""banks"" :: BankId(bankId) :: ""accounts"" :: AccountId(accountId) :: ""standing-order"" :: Nil",APIMethods400.scala
v4_0_0,createUserWithAccountAccess,POST,/banks/BANK_ID/accounts/ACCOUNT_ID/user-account-access,Create (DAuth) User with Account Access,"This endpoint is used as part of the DAuth solution to grant access to account and transaction data to a smart contract on the blockchain. Put the smart contract address in username For provider use ""dauth"" This endpoint will create the (DAuth) User with username and provider if the User does not already exist. ${userAuthenticationMessage(true)} and the logged in user needs to be account holder. For information about DAuth see below: ${getGlossaryItem(""DAuth"")} ",Account; User; AccountAccess; DAuth; View; OwnerRequired,,BANK_ID; ACCOUNT_ID,,,,"""banks"" :: BankId(bankId) :: ""accounts"" :: AccountId(accountId) :: ""user-account-access"" :: Nil",APIMethods400.scala
v4_0_0,revokeUserAccessToView,POST,/banks/BANK_ID/accounts/ACCOUNT_ID/account-access/revoke,Revoke User access to View,Revoke the User identified by USER_ID access to the view identified by VIEW_ID. ${userAuthenticationMessage(true)} and the user needs to be account holder. ,Account; User; AccountAccess; View; OwnerRequired,,BANK_ID; ACCOUNT_ID,,,UserNotFound; SystemViewNotFound; ViewNotFound; UnknownError,"""banks"" :: BankId(bankId) :: ""accounts"" :: AccountId(accountId) :: ""account-access"" :: ""revoke"" :: Nil",APIMethods400.scala
v4_0_0,createCustomerAttribute,POST,/banks/BANK_ID/customers/CUSTOMER_ID/attribute,Create Customer Attribute,"Create Customer Attribute The type field must be one of ""STRING"", ""INTEGER"", ""DOUBLE"" or DATE_WITH_DAY"" ${userAuthenticationMessage(true)} ",Customer,CreateCustomerAttributeAtAnyBank; CreateCustomerAttributeAtOneBank,BANK_ID; CUSTOMER_ID,,,BankNotFound; UnknownError,"""banks"" :: bankId :: ""customers"" :: customerId :: ""attribute"" :: Nil",APIMethods400.scala
v4_0_0,updateCustomerAttribute,PUT,/banks/BANK_ID/customers/CUSTOMER_ID/attributes/CUSTOMER_ATTRIBUTE_ID,Update Customer Attribute,Update Customer Attribute ${userAuthenticationMessage(true)} ,Customer,UpdateCustomerAttributeAtAnyBank; UpdateCustomerAttributeAtOneBank,BANK_ID; CUSTOMER_ATTRIBUTE_ID; CUSTOMER_ID,,,BankNotFound; UnknownError,"""banks"" :: bankId :: ""customers"" :: customerId :: ""attributes"" :: customerAttributeId :: Nil",APIMethods400.scala
v4_0_0,getCustomerAttributes,GET,/banks/BANK_ID/customers/CUSTOMER_ID/attributes,Get Customer Attributes,Get Customer Attributes ${userAuthenticationMessage(true)} ,Customer,GetCustomerAttributesAtAnyBank; GetCustomerAttributesAtOneBank,BANK_ID; CUSTOMER_ID,,,BankNotFound; UnknownError,"""banks"" :: bankId :: ""customers"" :: customerId :: ""attributes"" :: Nil",APIMethods400.scala
v4_0_0,getCustomerAttributeById,GET,/banks/BANK_ID/customers/CUSTOMER_ID/attributes/ATTRIBUTE_ID,Get Customer Attribute By Id,Get Customer Attribute By Id ${userAuthenticationMessage(true)} ,Customer,GetCustomerAttributeAtOneBank; GetCustomerAttributeAtAnyBank,BANK_ID; ATTRIBUTE_ID; CUSTOMER_ID,,,BankNotFound; UnknownError,N/A,APIMethods400.scala
v4_0_0,getCustomersByAttributes,GET,/banks/BANK_ID/customers,Get Customers by ATTRIBUTES,Gets the Customers specified by attributes URL params example: /banks/some-bank-id/customers?name=John&age=8 URL params example: /banks/some-bank-id/customers?&limit=50&offset=1 ,,GetCustomer,BANK_ID,,,,"""banks"" :: BankId(bankId) :: ""customers"" :: Nil",APIMethods400.scala
v4_0_0,createTransactionAttribute,POST,/banks/BANK_ID/accounts/ACCOUNT_ID/transactions/TRANSACTION_ID/attribute,Create Transaction Attribute,"Create Transaction Attribute The type field must be one of ""STRING"", ""INTEGER"", ""DOUBLE"" or DATE_WITH_DAY"" ${userAuthenticationMessage(true)} ",Transaction,CreateTransactionAttributeAtOneBank,BANK_ID; ACCOUNT_ID; TRANSACTION_ID,,,BankNotFound; BankAccountNotFound; UnknownError,"""banks"" :: BankId(bankId) :: ""accounts"" :: AccountId(accountId) :: ""transactions"" :: TransactionId(transactionId) :: ""attribute"" :: Nil",APIMethods400.scala
v4_0_0,updateTransactionAttribute,PUT,/banks/BANK_ID/accounts/ACCOUNT_ID/transactions/TRANSACTION_ID/attributes/ACCOUNT_ATTRIBUTE_ID,Update Transaction Attribute,Update Transaction Attribute ${userAuthenticationMessage(true)} ,Transaction,UpdateTransactionAttributeAtOneBank,BANK_ID; ACCOUNT_ID; TRANSACTION_ID; ACCOUNT_ATTRIBUTE_ID,,,BankNotFound; BankAccountNotFound; UnknownError,"""banks"" :: BankId(bankId) :: ""accounts"" :: AccountId(accountId) :: ""transactions"" :: TransactionId(transactionId) :: ""attributes"" :: transactionAttributeId :: Nil",APIMethods400.scala
v4_0_0,getTransactionAttributes,GET,/banks/BANK_ID/accounts/ACCOUNT_ID/transactions/TRANSACTION_ID/attributes,Get Transaction Attributes,Get Transaction Attributes ${userAuthenticationMessage(true)} ,Transaction,GetTransactionAttributesAtOneBank,BANK_ID; ACCOUNT_ID; TRANSACTION_ID,,,BankNotFound; BankAccountNotFound; UnknownError,"""banks"" :: BankId(bankId) :: ""accounts"" :: AccountId(accountId) :: ""transactions"" :: TransactionId(transactionId) :: ""attributes"" :: Nil",APIMethods400.scala
v4_0_0,getTransactionAttributeById,GET,/banks/BANK_ID/accounts/ACCOUNT_ID/transactions/TRANSACTION_ID/attributes/ATTRIBUTE_ID,Get Transaction Attribute By Id,Get Transaction Attribute By Id ${userAuthenticationMessage(true)} ,Transaction,GetTransactionAttributeAtOneBank,BANK_ID; ATTRIBUTE_ID; ACCOUNT_ID; TRANSACTION_ID,,,BankNotFound; BankAccountNotFound; UnknownError,"""banks"" :: BankId(bankId) :: ""accounts"" :: AccountId(accountId) ::  ""transactions"" :: TransactionId(transactionId) :: ""attributes"" :: transactionAttributeId :: Nil",APIMethods400.scala
v4_0_0,createHistoricalTransactionAtBank,POST,/banks/BANK_ID/management/historical/transactions,Create Historical Transactions ," Create historical transactions at one Bank Use this endpoint to create transactions between any two accounts at the same bank. From account and to account must be at the same bank. Example: { ""from_account_id"": ""1ca8a7e4-6d02-48e3-a029-0b2bf89de9f0"", ""to_account_id"": ""2ca8a7e4-6d02-48e3-a029-0b2bf89de9f0"", ""value"": { ""currency"": ""GBP"", ""amount"": ""10"" }, ""description"": ""this is for work"", ""posted"": ""2017-09-19T02:31:05Z"", ""completed"": ""2017-09-19T02:31:05Z"", ""type"": ""SANDBOX_TAN"", ""charge_policy",TransactionRequest,CreateHistoricalTransactionAtBank,BANK_ID,,,AccountNotFound; BankNotFound; CounterpartyNotFound; UnknownError,"""banks"" :: BankId(bankId) :: ""management""  :: ""historical"" :: ""transactions"" :: Nil",APIMethods400.scala
v4_0_0,getTransactionRequest,GET,/banks/BANK_ID/accounts/ACCOUNT_ID/VIEW_ID/transaction-requests/TRANSACTION_REQUEST_ID,Get Transaction Request.,"Returns transaction request for transaction specified by TRANSACTION_REQUEST_ID and for account specified by ACCOUNT_ID at bank specified by BANK_ID. The VIEW_ID specified must be 'owner' and the user must have access to this view. Version 2.0.0 now returns charge information. Transaction Requests serve to initiate transactions that may or may not proceed. They contain information including: * Transaction Request Id * Type * Status (INITIATED, COMPLETED) * Challenge (in order to confirm the requ",,,BANK_ID; ACCOUNT_ID; TRANSACTION_REQUEST_ID; VIEW_ID,transactionRequestWithChargeJSON210,transactionRequestWithChargeJSON210,BankNotFound; BankAccountNotFound; UnknownError,"""banks"" :: BankId(bankId) :: ""accounts"" :: AccountId(accountId) :: ViewId(viewId) :: ""transaction-requests"" :: TransactionRequestId(requestId) :: Nil",APIMethods400.scala
v4_0_0,getPrivateAccountsAtOneBank,GET,/banks/BANK_ID/accounts,Get Accounts at Bank, Returns the list of accounts at BANK_ID that the user has access to. For each account the API returns the account ID and the views available to the user.. Each account must have at least one private View. optional request parameters for filter with attributes URL params example: /banks/some-bank-id/accounts?&limit=50&offset=1 ,PublicData; Account; PrivateData,,BANK_ID,basicAccountsJSON,,BankNotFound; UnknownError,"""banks"" :: BankId(bankId) :: ""accounts"" :: Nil",APIMethods400.scala
v4_0_0,getCustomersAtAnyBank,GET,/customers,Get Customers at Any Bank,Get Customers at Any Bank. ${userAuthenticationMessage(true)} ,Customer; User,GetCustomersAtAnyBank,,,,UserCustomerLinksNotFound; UnknownError,"case ""customers"" :: Nil JsonGet",APIMethods400.scala
v4_0_0,getCustomersMinimalAtAnyBank,GET,/customers-minimal,Get Customers Minimal at Any Bank,Get Customers Minimal at Any Bank. ${userAuthenticationMessage(true)} ,Customer; User,GetCustomersMinimalAtAnyBank,,,,UserCustomerLinksNotFound; UnknownError,"case ""customers-minimal"" :: Nil JsonGet",APIMethods400.scala
v4_0_0,getScopes,GET,/consumers/CONSUMER_ID/scopes,Get Scopes for Consumer,Get all the scopes for an consumer specified by CONSUMER_ID ${userAuthenticationMessage(true)} ,Scope; Consumer,,CONSUMER_ID,createScopeJSONs,,EntitlementNotFound; ConsumerNotFound; UnknownError,"""consumers"" :: uuidOfConsumer :: ""scopes"" :: Nil",APIMethods400.scala
v4_0_0,addScope,POST,/consumers/CONSUMER_ID/scopes,Create Scope for a Consumer,"Create Scope. Grant Role to Consumer. Scopes are used to grant System or Bank level roles to the Consumer (App). (For Account level privileges, see Views) For a System level Role (.e.g CanGetAnyUser), set bank_id to an empty string i.e. ""bank_id"":"""" For a Bank level Role (e.g. CanCreateAccount), set bank_id to a valid value e.g. ""bank_id"":""my-bank-id"" ",Scope; Consumer,CreateScopeAtOneBank; CreateScopeAtAnyBank,CONSUMER_ID,SwaggerDefinitionsJSON,,ConsumerNotFound; UnknownError,"""consumers"" :: consumerId :: ""scopes"" :: Nil",APIMethods400.scala
v4_0_0,deleteCustomerAttribute,DELETE,/banks/BANK_ID/CUSTOMER_ID/attributes/CUSTOMER_ATTRIBUTE_ID,Delete Customer Attribute,Delete Customer Attribute $customerAttributeGeneralInfo Delete a Customer Attribute by its id. ${userAuthenticationMessage(true)} ,Customer,DeleteCustomerAttributeAtOneBank; DeleteCustomerAttributeAtAnyBank,BANK_ID; CUSTOMER_ATTRIBUTE_ID; CUSTOMER_ID,,,BankNotFound; UnknownError,"""banks"" :: bankId :: ""customers"" :: ""attributes"" :: customerAttributeId :: Nil",APIMethods400.scala
v4_0_0,createDynamicEndpoint,POST,/management/dynamic-endpoints,Create Dynamic Endpoint,"Create dynamic endpoints. Create dynamic endpoints with one json format swagger content. If the host of swagger is `dynamic_entity`, then you need link the swagger fields to the dynamic entity fields, please check `Endpoint Mapping` endpoints. If the host of swagger is `obp_mock`, every dynamic endpoint will return example response of swagger,\n when create MethodRouting for given dynamic endpoint, it will be routed to given url. ",Api; ManageDynamicEndpoint,CreateDynamicEndpoint,,,,UnknownError,"""management"" :: ""dynamic-endpoints"" :: Nil",APIMethods400.scala
v4_0_0,createBankLevelDynamicEndpoint,POST,/management/banks/BANK_ID/dynamic-endpoints,Create Bank Level Dynamic Endpoint,"Create dynamic endpoints. Create dynamic endpoints with one json format swagger content. If the host of swagger is `dynamic_entity`, then you need link the swagger fields to the dynamic entity fields, please check `Endpoint Mapping` endpoints. If the host of swagger is `obp_mock`, every dynamic endpoint will return example response of swagger,\n when create MethodRouting for given dynamic endpoint, it will be routed to given url. ",Api; ManageDynamicEndpoint,CreateBankLevelDynamicEndpoint; CreateDynamicEndpoint,BANK_ID,,,BankNotFound; UnknownError,"""management"" :: ""banks"" :: BankId(bankId) ::""dynamic-endpoints"" :: Nil",APIMethods400.scala
v4_0_0,updateDynamicEndpointHost,PUT,/management/dynamic-endpoints/DYNAMIC_ENDPOINT_ID/host, Update Dynamic Endpoint Host,"Update dynamic endpoint Host. The value can be obp_mock, dynamic_entity, or some service url. ",Api; ManageDynamicEndpoint,UpdateDynamicEndpoint,DYNAMIC_ENDPOINT_ID,,,UnknownError; DynamicEntityNotFound,"""management"" :: ""dynamic-endpoints"" :: dynamicEndpointId :: ""host"" :: Nil",APIMethods400.scala
v4_0_0,updateBankLevelDynamicEndpointHost,PUT,/management/banks/BANK_ID/dynamic-endpoints/DYNAMIC_ENDPOINT_ID/host, Update Bank Level Dynamic Endpoint Host,"Update Bank Level dynamic endpoint Host. The value can be obp_mock, dynamic_entity, or some service url. ",Api; ManageDynamicEndpoint,UpdateBankLevelDynamicEndpoint; UpdateDynamicEndpoint,BANK_ID; DYNAMIC_ENDPOINT_ID,,,BankNotFound; UnknownError; DynamicEntityNotFound,"""management"" :: ""banks"" :: bankId :: ""dynamic-endpoints"" :: dynamicEndpointId :: ""host"" :: Nil",APIMethods400.scala
v4_0_0,getDynamicEndpoint,GET,/management/dynamic-endpoints/DYNAMIC_ENDPOINT_ID,Get Dynamic Endpoint,"Get a Dynamic Endpoint. Get one DynamicEndpoint, ",Api; ManageDynamicEndpoint,GetDynamicEndpoint,DYNAMIC_ENDPOINT_ID,,,DynamicEndpointNotFound; UnknownError,"""management"" :: ""dynamic-endpoints"" :: dynamicEndpointId :: Nil",APIMethods400.scala
v4_0_0,getDynamicEndpoints,GET,/management/dynamic-endpoints, Get Dynamic Endpoints, Get Dynamic Endpoints. ,,GetDynamicEndpoints,,,,,"""management"" :: ""dynamic-endpoints"" :: Nil",APIMethods400.scala
v4_0_0,getBankLevelDynamicEndpoint,GET,/management/banks/BANK_ID/dynamic-endpoints/DYNAMIC_ENDPOINT_ID, Get Bank Level Dynamic Endpoint,Get a Bank Level Dynamic Endpoint. ,Api; ManageDynamicEndpoint,GetBankLevelDynamicEndpoint; GetDynamicEndpoint,BANK_ID; DYNAMIC_ENDPOINT_ID,,,BankNotFound; DynamicEndpointNotFound; UnknownError,"""management"" :: ""banks"" :: bankId :: ""dynamic-endpoints"" :: dynamicEndpointId :: Nil",APIMethods400.scala
v4_0_0,getBankLevelDynamicEndpoints,GET,/management/banks/BANK_ID/dynamic-endpoints,Get Bank Level Dynamic Endpoints, Get Bank Level Dynamic Endpoints. ,,GetDynamicEndpoints; GetBankLevelDynamicEndpoints,BANK_ID,,,,"""management"" :: ""banks"" :: bankId :: ""dynamic-endpoints"" :: Nil",APIMethods400.scala
v4_0_0,deleteDynamicEndpoint,DELETE,/management/dynamic-endpoints/DYNAMIC_ENDPOINT_ID, Delete Dynamic Endpoint,Delete a DynamicEndpoint specified by DYNAMIC_ENDPOINT_ID.,Api; ManageDynamicEndpoint,DeleteDynamicEndpoint,DYNAMIC_ENDPOINT_ID,,,DynamicEndpointNotFound; UnknownError,"""management"" :: ""dynamic-endpoints"" :: dynamicEndpointId :: Nil",APIMethods400.scala
v4_0_0,deleteBankLevelDynamicEndpoint,DELETE,/management/banks/BANK_ID/dynamic-endpoints/DYNAMIC_ENDPOINT_ID, Delete Bank Level Dynamic Endpoint,Delete a Bank Level DynamicEndpoint specified by DYNAMIC_ENDPOINT_ID.,Api; ManageDynamicEndpoint,DeleteBankLevelDynamicEndpoint; DeleteDynamicEndpoint,BANK_ID; DYNAMIC_ENDPOINT_ID,,,BankNotFound; DynamicEndpointNotFound; UnknownError,"""management"" :: ""banks"" :: bankId :: ""dynamic-endpoints"" :: dynamicEndpointId :: Nil",APIMethods400.scala
v4_0_0,getMyDynamicEndpoints,GET,/my/dynamic-endpoints,Get My Dynamic Endpoints,Get My Dynamic Endpoints.,,,,,,,"""my"" :: ""dynamic-endpoints"" :: Nil",APIMethods400.scala
v4_0_0,deleteMyDynamicEndpoint,DELETE,/my/dynamic-endpoints/DYNAMIC_ENDPOINT_ID,Delete My Dynamic Endpoint,Delete a DynamicEndpoint specified by DYNAMIC_ENDPOINT_ID.,,,DYNAMIC_ENDPOINT_ID,,,DynamicEndpointNotFound; UnknownError,"""my"" :: ""dynamic-endpoints"" :: dynamicEndpointId :: Nil",APIMethods400.scala
v4_0_0,createOrUpdateCustomerAttributeAttributeDefinition,PUT,/banks/BANK_ID/attribute-definitions/customer,Create or Update Customer Attribute Definition,"Create or Update Customer Attribute Definition The category field must be one of: ${AttributeCategory.Customer} The type field must be one of; ${AttributeType.DOUBLE}, ${AttributeType.STRING}, ${AttributeType.INTEGER} and ${AttributeType.DATE_WITH_DAY} ${userAuthenticationMessage(true)} ",Customer,CreateCustomerAttributeDefinitionAtOneBank,BANK_ID,,,BankNotFound; UnknownError,"""banks"" :: BankId(bankId) :: ""attribute-definitions"" :: ""customer"" :: Nil",APIMethods400.scala
v4_0_0,createOrUpdateAccountAttributeDefinition,PUT,/banks/BANK_ID/attribute-definitions/account,Create or Update Account Attribute Definition,"Create or Update Account Attribute Definition The category field must be ${AttributeCategory.Account} The type field must be one of; ${AttributeType.DOUBLE}, ${AttributeType.STRING}, ${AttributeType.INTEGER} and ${AttributeType.DATE_WITH_DAY} ${userAuthenticationMessage(true)} ",Account,CreateAccountAttributeDefinitionAtOneBank,BANK_ID,,,BankNotFound; UnknownError,"""banks"" :: BankId(bankId) :: ""attribute-definitions"" :: ""account"" :: Nil",APIMethods400.scala
v4_0_0,createOrUpdateProductAttributeDefinition,PUT,/banks/BANK_ID/attribute-definitions/product,Create or Update Product Attribute Definition,"Create or Update Product Attribute Definition The category field must be ${AttributeCategory.Product} The type field must be one of; ${AttributeType.DOUBLE}, ${AttributeType.STRING}, ${AttributeType.INTEGER} and ${AttributeType.DATE_WITH_DAY} ${userAuthenticationMessage(true)} ",Product,CreateProductAttributeDefinitionAtOneBank,BANK_ID,,,BankNotFound; UnknownError,"""banks"" :: BankId(bankId) :: ""attribute-definitions"" :: ""product"" :: Nil",APIMethods400.scala
v4_0_0,createProductAttribute,POST,/banks/BANK_ID/products/PRODUCT_CODE/attribute,Create Product Attribute,"Create Product Attribute $productAttributeGeneralInfo Typical product attributes might be: ISIN (for International bonds) VKN (for German bonds) REDCODE (markit short code for credit derivative) LOAN_ID (e.g. used for Anacredit reporting) ISSUE_DATE (When the bond was issued in the market) MATURITY_DATE (End of life time of a product) TRADABLE See [FPML](http://www.fpml.org/) for more examples. The type field must be one of ""STRING"", ""INTEGER"", ""DOUBLE"" or DATE_WITH_DAY"" ${userAuthenticationMess",Product,CreateProductAttribute,BANK_ID; PRODUCT_CODE,,,UnknownError,"""banks"" :: bankId :: ""products"" :: productCode:: ""attribute"" :: Nil",APIMethods400.scala
v4_0_0,updateProductAttribute,PUT,/banks/BANK_ID/products/PRODUCT_CODE/attributes/PRODUCT_ATTRIBUTE_ID,Update Product Attribute,Update Product Attribute. $productAttributeGeneralInfo Update one Product Attribute by its id. ${userAuthenticationMessage(true)} ,Product,UpdateProductAttribute,BANK_ID; PRODUCT_ATTRIBUTE_ID; PRODUCT_CODE,,,UnknownError,"""banks"" :: bankId :: ""products"" :: productCode:: ""attributes"" :: productAttributeId :: Nil",APIMethods400.scala
v4_0_0,getProductAttribute,GET,/banks/BANK_ID/products/PRODUCT_CODE/attributes/PRODUCT_ATTRIBUTE_ID,Get Product Attribute,Get Product Attribute $productAttributeGeneralInfo Get one product attribute by its id. ${userAuthenticationMessage(true)} ,Product,UpdateProductAttribute,BANK_ID; PRODUCT_ATTRIBUTE_ID; PRODUCT_CODE,,,UnknownError,"""banks"" :: bankId :: ""products"" :: productCode:: ""attributes"" :: productAttributeId :: Nil",APIMethods400.scala
v4_0_0,createProductFee,POST,/banks/BANK_ID/products/PRODUCT_CODE/fee,Create Product Fee,Create Product Fee ${userAuthenticationMessage(true)} ,Product,CreateProductFee,BANK_ID; PRODUCT_CODE,,,BankNotFound; UnknownError,"""banks"" :: bankId :: ""products"" :: productCode:: ""fee"" :: Nil",APIMethods400.scala
v4_0_0,updateProductFee,PUT,/banks/BANK_ID/products/PRODUCT_CODE/fees/PRODUCT_FEE_ID,Update Product Fee,Update Product Fee. Update one Product Fee by its id. ${userAuthenticationMessage(true)} ,Product,UpdateProductFee,BANK_ID; PRODUCT_FEE_ID; PRODUCT_CODE,,,BankNotFound; UnknownError,"""banks"" :: bankId :: ""products"" :: productCode:: ""fees"" :: productFeeId :: Nil",APIMethods400.scala
v4_0_0,getProductFee,GET,/banks/BANK_ID/products/PRODUCT_CODE/fees/PRODUCT_FEE_ID,Get Product Fee,Get Product Fee Get one product fee by its id. ${userAuthenticationMessage(false)} ,Product,,BANK_ID; PRODUCT_FEE_ID; PRODUCT_CODE,,,BankNotFound; UnknownError,"""banks"" :: bankId :: ""products"" :: productCode:: ""fees"" :: productFeeId :: Nil",APIMethods400.scala
v4_0_0,getProductFees,GET,/banks/BANK_ID/products/PRODUCT_CODE/fees,Get Product Fees,Get Product Fees ${userAuthenticationMessage(false)} ,Product,,BANK_ID; PRODUCT_CODE,,,BankNotFound; UnknownError,"""banks"" :: bankId :: ""products"" :: productCode:: ""fees"" :: Nil",APIMethods400.scala
v4_0_0,deleteProductFee,DELETE,/banks/BANK_ID/products/PRODUCT_CODE/fees/PRODUCT_FEE_ID,Delete Product Fee,Delete Product Fee Delete one product fee by its id. ${userAuthenticationMessage(true)} ,Product,DeleteProductFee,BANK_ID; PRODUCT_FEE_ID; PRODUCT_CODE,,,BankNotFound; UnknownError,"""banks"" :: bankId :: ""products"" :: productCode:: ""fees"" :: productFeeId :: Nil",APIMethods400.scala
v4_0_0,createOrUpdateBankAttributeDefinition,PUT,/banks/BANK_ID/attribute-definitions/bank,Create or Update Bank Attribute Definition,"Create or Update Bank Attribute Definition The category field must be ${AttributeCategory.Bank} The type field must be one of; ${AttributeType.DOUBLE}, ${AttributeType.STRING}, ${AttributeType.INTEGER} and ${AttributeType.DATE_WITH_DAY} ${userAuthenticationMessage(true)} ",Bank,CreateBankAttributeDefinitionAtOneBank,BANK_ID,,,BankNotFound; UnknownError,"""banks"" :: BankId(bankId) :: ""attribute-definitions"" :: ""bank"" :: Nil",APIMethods400.scala
v4_0_0,createBankAttribute,POST,/banks/BANK_ID/attribute,Create Bank Attribute,"Create Bank Attribute Typical product attributes might be: ISIN (for International bonds) VKN (for German bonds) REDCODE (markit short code for credit derivative) LOAN_ID (e.g. used for Anacredit reporting) ISSUE_DATE (When the bond was issued in the market) MATURITY_DATE (End of life time of a product) TRADABLE See [FPML](http://www.fpml.org/) for more examples. The type field must be one of ""STRING"", ""INTEGER"", ""DOUBLE"" or DATE_WITH_DAY"" ${userAuthenticationMessage(true)} ",Bank,CreateBankAttribute,BANK_ID,,,UnknownError,"""banks"" :: bankId :: ""attribute"" :: Nil",APIMethods400.scala
v4_0_0,getBankAttributes,GET,/banks/BANK_ID/attributes,Get Bank Attributes,Get Bank Attributes ${userAuthenticationMessage(true)} ,Bank,GetBankAttribute,BANK_ID,,,BankNotFound; UnknownError,"""banks"" :: BankId(bankId) :: ""attributes"" :: Nil",APIMethods400.scala
v4_0_0,getBankAttribute,GET,/banks/BANK_ID/attributes/BANK_ATTRIBUTE_ID,Get Bank Attribute By BANK_ATTRIBUTE_ID,Get Bank Attribute By BANK_ATTRIBUTE_ID ${userAuthenticationMessage(true)} ,Bank,GetBankAttribute,BANK_ID; BANK_ATTRIBUTE_ID,,,BankNotFound; UnknownError,"""banks"" :: BankId(bankId) :: ""attributes"" :: bankAttributeId :: Nil",APIMethods400.scala
v4_0_0,updateBankAttribute,PUT,/banks/BANK_ID/attributes/BANK_ATTRIBUTE_ID,Update Bank Attribute,Update Bank Attribute. Update one Bak Attribute by its id. ${userAuthenticationMessage(true)} ,Bank,,BANK_ID; BANK_ATTRIBUTE_ID,,,UnknownError,"""banks"" :: bankId :: ""attributes"" :: bankAttributeId :: Nil",APIMethods400.scala
v4_0_0,deleteBankAttribute,DELETE,/banks/BANK_ID/attributes/BANK_ATTRIBUTE_ID,Delete Bank Attribute,Delete Bank Attribute Delete a Bank Attribute by its id. ${userAuthenticationMessage(true)} ,Bank,,BANK_ID; BANK_ATTRIBUTE_ID,,,BankNotFound; UnknownError,"""banks"" :: bankId :: ""attributes"" :: bankAttributeId :: Nil",APIMethods400.scala
v4_0_0,createOrUpdateTransactionAttributeDefinition,PUT,/banks/BANK_ID/attribute-definitions/transaction,Create or Update Transaction Attribute Definition,"Create or Update Transaction Attribute Definition The category field must be ${AttributeCategory.Transaction} The type field must be one of; ${AttributeType.DOUBLE}, ${AttributeType.STRING}, ${AttributeType.INTEGER} and ${AttributeType.DATE_WITH_DAY} ${userAuthenticationMessage(true)} ",Transaction,CreateTransactionAttributeDefinitionAtOneBank,BANK_ID,,,BankNotFound; UnknownError,"""banks"" :: BankId(bankId) :: ""attribute-definitions"" :: ""transaction"" :: Nil",APIMethods400.scala
v4_0_0,createOrUpdateCardAttributeDefinition,PUT,/banks/BANK_ID/attribute-definitions/card,Create or Update Card Attribute Definition,"Create or Update Card Attribute Definition The category field must be ${AttributeCategory.Card} The type field must be one of; ${AttributeType.DOUBLE}, ${AttributeType.STRING}, ${AttributeType.INTEGER} and ${AttributeType.DATE_WITH_DAY} ${userAuthenticationMessage(true)} ",Card,CreateCardAttributeDefinitionAtOneBank,BANK_ID,,,BankNotFound; UnknownError,"""banks"" :: BankId(bankId) :: ""attribute-definitions"" :: ""card"" :: Nil",APIMethods400.scala
v4_0_0,deleteTransactionAttributeDefinition,DELETE,/banks/BANK_ID/attribute-definitions/ATTRIBUTE_DEFINITION_ID/transaction,Delete Transaction Attribute Definition,Delete Transaction Attribute Definition by ATTRIBUTE_DEFINITION_ID ${userAuthenticationMessage(true)} ,Transaction,DeleteTransactionAttributeDefinitionAtOneBank,BANK_ID; ATTRIBUTE_DEFINITION_ID,,,BankNotFound; UnknownError,"""banks"" :: BankId(bankId) :: ""attribute-definitions"" :: attributeDefinitionId :: ""transaction"" :: Nil",APIMethods400.scala
v4_0_0,deleteCustomerAttributeDefinition,DELETE,/banks/BANK_ID/attribute-definitions/ATTRIBUTE_DEFINITION_ID/customer,Delete Customer Attribute Definition,Delete Customer Attribute Definition by ATTRIBUTE_DEFINITION_ID ${userAuthenticationMessage(true)} ,Customer,DeleteCustomerAttributeDefinitionAtOneBank,BANK_ID; ATTRIBUTE_DEFINITION_ID,,,BankNotFound; UnknownError,"""banks"" :: BankId(bankId) :: ""attribute-definitions"" :: attributeDefinitionId :: ""customer"" :: Nil",APIMethods400.scala
v4_0_0,deleteAccountAttributeDefinition,DELETE,/banks/BANK_ID/attribute-definitions/ATTRIBUTE_DEFINITION_ID/account,Delete Account Attribute Definition,Delete Account Attribute Definition by ATTRIBUTE_DEFINITION_ID ${userAuthenticationMessage(true)} ,Account,DeleteAccountAttributeDefinitionAtOneBank,BANK_ID; ATTRIBUTE_DEFINITION_ID,,,BankNotFound; UnknownError,"""banks"" :: BankId(bankId) :: ""attribute-definitions"" :: attributeDefinitionId :: ""account"" :: Nil",APIMethods400.scala
v4_0_0,deleteProductAttributeDefinition,DELETE,/banks/BANK_ID/attribute-definitions/ATTRIBUTE_DEFINITION_ID/product,Delete Product Attribute Definition,Delete Product Attribute Definition by ATTRIBUTE_DEFINITION_ID ${userAuthenticationMessage(true)} ,Product,DeleteProductAttributeDefinitionAtOneBank,BANK_ID; ATTRIBUTE_DEFINITION_ID,,,BankNotFound; UnknownError,"""banks"" :: BankId(bankId) :: ""attribute-definitions"" :: attributeDefinitionId :: ""product"" :: Nil",APIMethods400.scala
v4_0_0,deleteCardAttributeDefinition,DELETE,/banks/BANK_ID/attribute-definitions/ATTRIBUTE_DEFINITION_ID/card,Delete Card Attribute Definition,Delete Card Attribute Definition by ATTRIBUTE_DEFINITION_ID ${userAuthenticationMessage(true)} ,Card,DeleteCardAttributeDefinitionAtOneBank,BANK_ID; ATTRIBUTE_DEFINITION_ID,,,BankNotFound; UnknownError,"""banks"" :: BankId(bankId) :: ""attribute-definitions"" :: attributeDefinitionId :: ""card"" :: Nil",APIMethods400.scala
v4_0_0,getProductAttributeDefinition,GET,/banks/BANK_ID/attribute-definitions/product,Get Product Attribute Definition,Get Product Attribute Definition ${userAuthenticationMessage(true)} ,Product,GetProductAttributeDefinitionAtOneBank,BANK_ID,,,BankNotFound; UnknownError,"""banks"" :: BankId(bankId) :: ""attribute-definitions"" :: ""product"" :: Nil",APIMethods400.scala
v4_0_0,getCustomerAttributeDefinition,GET,/banks/BANK_ID/attribute-definitions/customer,Get Customer Attribute Definition,Get Customer Attribute Definition ${userAuthenticationMessage(true)} ,Customer,GetCustomerAttributeDefinitionAtOneBank,BANK_ID,,,BankNotFound; UnknownError,"""banks"" :: BankId(bankId) :: ""attribute-definitions"" :: ""customer"" :: Nil",APIMethods400.scala
v4_0_0,getAccountAttributeDefinition,GET,/banks/BANK_ID/attribute-definitions/account,Get Account Attribute Definition,Get Account Attribute Definition ${userAuthenticationMessage(true)} ,Account,GetAccountAttributeDefinitionAtOneBank,BANK_ID,,,BankNotFound; UnknownError,"""banks"" :: BankId(bankId) :: ""attribute-definitions"" :: ""account"" :: Nil",APIMethods400.scala
v4_0_0,getTransactionAttributeDefinition,GET,/banks/BANK_ID/attribute-definitions/transaction,Get Transaction Attribute Definition,Get Transaction Attribute Definition ${userAuthenticationMessage(true)} ,Transaction,GetTransactionAttributeDefinitionAtOneBank,BANK_ID,,,BankNotFound; UnknownError,"""banks"" :: BankId(bankId) :: ""attribute-definitions"" :: ""transaction"" :: Nil",APIMethods400.scala
v4_0_0,getCardAttributeDefinition,GET,/banks/BANK_ID/attribute-definitions/card,Get Card Attribute Definition,Get Card Attribute Definition ${userAuthenticationMessage(true)} ,Card,GetCardAttributeDefinitionAtOneBank,BANK_ID,,,BankNotFound; UnknownError,"""banks"" :: BankId(bankId) :: ""attribute-definitions"" :: ""card"" :: Nil",APIMethods400.scala
v4_0_0,deleteUserCustomerLink,DELETE,/banks/BANK_ID/user_customer_links/USER_CUSTOMER_LINK_ID,Delete User Customer Link,Delete User Customer Link by USER_CUSTOMER_LINK_ID ${userAuthenticationMessage(true)} ,Customer,DeleteUserCustomerLink,BANK_ID; _; USER_CUSTOMER_LINK_ID,createUserCustomerLinkJSONs,,BankNotFound; UnknownError,"""banks"" :: BankId(bankId) :: ""user_customer_links"" :: userCustomerLinkId :: Nil",APIMethods400.scala
v4_0_0,getUserCustomerLinksByUserId,GET,/banks/BANK_ID/user_customer_links/users/USER_ID,Get User Customer Links by User,Get User Customer Links by USER_ID ${userAuthenticationMessage(true)} ,Customer,GetUserCustomerLink,BANK_ID; USER_ID; _,createUserCustomerLinkJSONs,,BankNotFound; UnknownError,"""banks"" :: BankId(bankId) :: ""user_customer_links"" :: ""users"" :: userId :: Nil",APIMethods400.scala
v4_0_0,createUserCustomerLinks,POST,/banks/BANK_ID/user_customer_links,Create User Customer Link,Link a User to a Customer ${userAuthenticationMessage(true)} ,Customer; User,CreateUserCustomerLinkAtAnyBank; CreateUserCustomerLink,BANK_ID; _,,,CustomerNotFound; BankNotFound; CreateUserCustomerLinksError; UnknownError,"""banks"" :: BankId(bankId):: ""user_customer_links"" :: Nil",APIMethods400.scala
v4_0_0,getUserCustomerLinksByCustomerId,GET,/banks/BANK_ID/user_customer_links/customers/CUSTOMER_ID,Get User Customer Links by Customer,Get User Customer Links by CUSTOMER_ID ${userAuthenticationMessage(true)} ,Customer,GetUserCustomerLink,BANK_ID; CUSTOMER_ID; _,createUserCustomerLinkJSONs,,BankNotFound; UnknownError,"""banks"" :: BankId(bankId) :: ""user_customer_links"" :: ""customers"" :: customerId :: Nil",APIMethods400.scala
v4_0_0,getCorrelatedUsersInfoByCustomerId,GET,/banks/BANK_ID/customers/CUSTOMER_ID/correlated-users,Get Correlated User Info by Customer,Get Correlated User Info by CUSTOMER_ID ${userAuthenticationMessage(true)} ,Customer,GetCorrelatedUsersInfoAtAnyBank; GetCorrelatedUsersInfo,BANK_ID; CUSTOMER_ID,,,BankNotFound; UnknownError,"""banks"" :: BankId(bankId) :: ""customers"" :: customerId :: ""correlated-users"" :: Nil",APIMethods400.scala
v4_0_0,getMyCorrelatedEntities,GET,/my/correlated-entities,Get Correlated Entities for the current User,Correlated Entities are users and customers linked to the currently authenticated user via User-Customer-Links ${userAuthenticationMessage(true)} ,Customer,,,,,BankNotFound; UnknownError,"""my"" :: ""correlated-entities"" :: Nil",APIMethods400.scala
v4_0_0,createCustomer,POST,/banks/BANK_ID/customers,Create Customer," The Customer resource stores the customer number (which is set by the backend), legal name, email, phone number, their date of birth, relationship status, education attained, a url for a profile image, KYC status etc. Dates need to be in the format 2013-01-21T23:08:00Z Note: If you need to set a specific customer number, use the Update Customer Number endpoint after this call. ${userAuthenticationMessage(true)} ",Person; Customer,CreateCustomer; CreateCustomerAtAnyBank,BANK_ID,,,UserNotFound; BankNotFound; CreateConsumerError; UnknownError,"""banks"" :: BankId(bankId) :: ""customers"" :: Nil",APIMethods400.scala
v4_0_0,getAccountsMinimalByCustomerId,GET,/customers/CUSTOMER_ID/accounts-minimal,Get Accounts Minimal for a Customer,Get Accounts Minimal by CUSTOMER_ID ${userAuthenticationMessage(true)} ,Account,GetAccountsMinimalForCustomerAtAnyBank,CUSTOMER_ID,,,CustomerNotFound; UnknownError,"""customers"" :: customerId :: ""accounts-minimal"" :: Nil",APIMethods400.scala
v4_0_0,deleteTransactionCascade,DELETE,/management/cascading/banks/BANK_ID/accounts/ACCOUNT_ID/transactions/TRANSACTION_ID,Delete Transaction Cascade,Delete a Transaction Cascade specified by TRANSACTION_ID. ${userAuthenticationMessage(true)} ,Transaction,DeleteTransactionCascade,BANK_ID; ACCOUNT_ID; TRANSACTION_ID,,,BankNotFound; BankAccountNotFound; UnknownError,N/A,APIMethods400.scala
v4_0_0,deleteAccountCascade,DELETE,/management/cascading/banks/BANK_ID/accounts/ACCOUNT_ID,Delete Account Cascade,Delete an Account Cascade specified by ACCOUNT_ID. ${userAuthenticationMessage(true)} ,Account,DeleteAccountCascade,BANK_ID; ACCOUNT_ID,,,BankNotFound; BankAccountNotFound; UnknownError,"""management"" :: ""cascading"" :: ""banks"" :: BankId(bankId) :: ""accounts"" :: AccountId(accountId) :: Nil",APIMethods400.scala
v4_0_0,deleteBankCascade,DELETE,/management/cascading/banks/BANK_ID,Delete Bank Cascade,Delete a Bank Cascade specified by BANK_ID. ${userAuthenticationMessage(true)} ,Bank,DeleteBankCascade,BANK_ID,,,BankNotFound; UnknownError,"""management"" :: ""cascading"" :: ""banks"" :: BankId(bankId) :: Nil",APIMethods400.scala
v4_0_0,deleteProductCascade,DELETE,/management/cascading/banks/BANK_ID/products/PRODUCT_CODE,Delete Product Cascade,Delete a Product Cascade specified by PRODUCT_CODE. ${userAuthenticationMessage(true)} ,Product,DeleteProductCascade,BANK_ID; PRODUCT_CODE,,,BankNotFound; BankAccountNotFound; UnknownError,"""management"" :: ""cascading"" :: ""banks"" :: BankId(bankId) :: ""products"" :: ProductCode(code) :: Nil",APIMethods400.scala
v4_0_0,deleteCustomerCascade,DELETE,/management/cascading/banks/BANK_ID/customers/CUSTOMER_ID,Delete Customer Cascade,Delete a Customer Cascade specified by CUSTOMER_ID. ${userAuthenticationMessage(true)} ,Customer,DeleteCustomerCascade,BANK_ID; CUSTOMER_ID,,,CustomerNotFound; BankNotFound; UnknownError,"""management"" :: ""cascading"" :: ""banks"" :: BankId(bankId) :: ""customers"" :: CustomerId(customerId) :: Nil",APIMethods400.scala
v4_0_0,createExplicitCounterparty,POST,/banks/BANK_ID/accounts/ACCOUNT_ID/VIEW_ID/counterparties,Create Counterparty (Explicit),"This endpoint creates an (Explicit) Counterparty for an Account. For an introduction to Counterparties in OBP see ${Glossary.getGlossaryItemLink(""Counterparties"")} ${userAuthenticationMessage(true)} ",Account; Counterparty,,BANK_ID; ACCOUNT_ID; VIEW_ID,PostCounterpartyJSON,,BankNotFound; BankAccountNotFound; ViewNotFound; UnknownError,"""banks"" :: BankId(bankId) :: ""accounts"" :: AccountId(accountId) :: ViewId(viewId) :: ""counterparties"" :: Nil",APIMethods400.scala
v4_0_0,deleteExplicitCounterparty,POST,/banks/BANK_ID/accounts/ACCOUNT_ID/VIEW_ID/counterparties/COUNTERPARTY_ID,Delete Counterparty (Explicit),"This endpoint deletes the Counterparty on the Account / View specified by the COUNTERPARTY_ID. It also deletes any related Counterparty Metadata. The User calling this endpoint must have access to the View specified in the URL and that View must have the permission `can_delete_counterparty`. For a general introduction to Counterparties in OBP see ${Glossary.getGlossaryItemLink(""Counterparties"")} ${userAuthenticationMessage(true)} ",Account; Counterparty,,BANK_ID; COUNTERPARTY_ID; ACCOUNT_ID; VIEW_ID,,,BankNotFound; BankAccountNotFound; UnknownError,"""banks"" :: BankId(bankId) :: ""accounts"" :: AccountId(accountId) :: ViewId(viewId) :: ""counterparties"" :: CounterpartyId(counterpartyId) :: Nil",APIMethods400.scala
v4_0_0,deleteCounterpartyForAnyAccount,DELETE,/management/banks/BANK_ID/accounts/ACCOUNT_ID/VIEW_ID/counterparties/COUNTERPARTY_ID,Delete Counterparty for any account (Explicit),"This is a management endpoint that enables the deletion of any specified Counterparty along with any related Metadata of that Counterparty. For a general introduction to Counterparties in OBP, see ${Glossary.getGlossaryItemLink(""Counterparties"")} ${userAuthenticationMessage(true)} ",Account; Counterparty,DeleteCounterparty; DeleteCounterpartyAtAnyBank,BANK_ID; COUNTERPARTY_ID; ACCOUNT_ID; VIEW_ID,,,BankNotFound; BankAccountNotFound; UnknownError,"""management"" :: ""banks"" :: BankId(bankId) :: ""accounts"" :: AccountId(accountId) :: ViewId(viewId) :: ""counterparties"" :: CounterpartyId(counterpartyId) :: Nil",APIMethods400.scala
v4_0_0,createCounterpartyForAnyAccount,POST,/management/banks/BANK_ID/accounts/ACCOUNT_ID/VIEW_ID/counterparties,Create Counterparty for any account (Explicit),"This is a management endpoint that allows the creation of a Counterparty on any Account. For an introduction to Counterparties in OBP, see ${Glossary.getGlossaryItemLink(""Counterparties"")} ${userAuthenticationMessage(true)} ",Account; Counterparty,CreateCounterpartyAtAnyBank; CreateCounterparty,BANK_ID; ACCOUNT_ID; VIEW_ID,,,AccountNotFound; BankNotFound; BankAccountNotFound; ViewNotFound; UnknownError,"""management"" :: ""banks"" :: BankId(bankId) :: ""accounts"" :: AccountId(accountId) :: ViewId(viewId):: ""counterparties"" :: Nil",APIMethods400.scala
v4_0_0,getCounterpartiesForAnyAccount,GET,/management/banks/BANK_ID/accounts/ACCOUNT_ID/VIEW_ID/counterparties,Get Counterparties for any account (Explicit),"This is a management endpoint that gets the Counterparties that have been explicitly created for an Account / View. For a general introduction to Counterparties in OBP, see ${Glossary.getGlossaryItemLink(""Counterparties"")} ${userAuthenticationMessage(true)} ",Psd2; Account; Counterparty; PSD2PIS,GetCounterpartiesAtAnyBank; GetCounterparties,BANK_ID; ACCOUNT_ID; VIEW_ID,,,BankNotFound; BankAccountNotFound; UnknownError,"""management"" :: ""banks"" :: BankId(bankId) :: ""accounts"" :: AccountId(accountId) :: ViewId(viewId) :: ""counterparties"" :: Nil",APIMethods400.scala
v4_0_0,getCounterpartyByNameForAnyAccount,GET,/management/banks/BANK_ID/accounts/ACCOUNT_ID/VIEW_ID/counterparty-names/COUNTERPARTY_NAME,Get Counterparty by name for any account (Explicit) ,"This is a management endpoint that allows the retrieval of any Counterparty on an Account / View by its Name. For a general introduction to Counterparties in OBP, see ${Glossary.getGlossaryItemLink(""Counterparties"")} ${userAuthenticationMessage(true)} ",Account; Counterparty,GetCounterpartyAtAnyBank; GetCounterparty,BANK_ID; ACCOUNT_ID; COUNTERPARTY_NAME; VIEW_ID,,,BankNotFound; BankAccountNotFound; ViewNotFound; UnknownError,"""management"" :: ""banks"" :: BankId(bankId) :: ""accounts"" :: AccountId(accountId) :: ViewId(viewId):: ""counterparty-names"" :: counterpartyName :: Nil",APIMethods400.scala
v4_0_0,getCounterpartyByIdForAnyAccount,GET,/management/banks/BANK_ID/accounts/ACCOUNT_ID/VIEW_ID/counterparties/COUNTERPARTY_ID,Get Counterparty by Id for any account (Explicit),"This is a management endpoint that gets information about any single explicitly created Counterparty on an Account / View specified by its COUNTERPARTY_ID"", For a general introduction to Counterparties in OBP, see ${Glossary.getGlossaryItemLink(""Counterparties"")} ${userAuthenticationMessage(true)} ",Account; Counterparty,GetCounterpartyAtAnyBank; GetCounterparty,BANK_ID; COUNTERPARTY_ID; ACCOUNT_ID; VIEW_ID,,,BankNotFound; BankAccountNotFound; ViewNotFound; UnknownError,"""management"" :: ""banks"" :: BankId(bankId) :: ""accounts"" :: AccountId(accountId) :: ViewId(viewId):: ""counterparties"" :: CounterpartyId(counterpartyId) :: Nil",APIMethods400.scala
v4_0_0,addConsentUser,PUT,/banks/BANK_ID/consents/CONSENT_ID/user-update-request,Add User to a Consent," This endpoint is used to add the User of Consent. Each Consent has one of the following states: ${ConsentStatus.values.toList.sorted.mkString("", "") }. ${userAuthenticationMessage(true)} ",,,BANK_ID; CONSENT_ID,,,,"""banks"" :: BankId(bankId) :: ""consents""  :: consentId :: ""user-update-request"" :: Nil",APIMethods400.scala
v4_0_0,updateConsentStatus,PUT,/banks/BANK_ID/consents/CONSENT_ID,Update Consent Status," This endpoint is used to update the Status of Consent. Each Consent has one of the following states: ${ConsentStatus.values.toList.sorted.mkString("", "") }. ${userAuthenticationMessage(true)} ",,,BANK_ID; CONSENT_ID,,,,"""banks"" :: BankId(bankId) :: ""consents""  :: consentId :: Nil",APIMethods400.scala
v4_0_0,getConsents,GET,/banks/BANK_ID/my/consents,Get Consents, This endpoint gets the Consents that the current User created. ${userAuthenticationMessage(true)} ,Psd2; Consent; PSD2AIS,,BANK_ID,,,BankNotFound; UnknownError,"""banks"" :: BankId(bankId) :: ""my"" :: ""consents"" :: Nil",APIMethods400.scala
v4_0_0,getConsentInfosByBank,GET,/banks/BANK_ID/my/consent-infos,Get My Consents Info At Bank, This endpoint gets the Consents that the current User created at bank. ${userAuthenticationMessage(true)} ,Psd2; Consent; PSD2AIS,,BANK_ID,,,BankNotFound; UnknownError,"""banks"" :: BankId(bankId) :: ""my"" :: ""consent-infos"" :: Nil",APIMethods400.scala
v4_0_0,getConsentInfos,GET,/my/consent-infos,Get My Consents Info, This endpoint gets the Consents that the current User created. ${userAuthenticationMessage(true)} ,Psd2; Consent; PSD2AIS,,,,,BankNotFound; UnknownError,"""my"" :: ""consent-infos"" :: Nil",APIMethods400.scala
v4_0_0,getMyPersonalUserAttributes,GET,/my/user/attributes,Get My Personal User Attributes,Get My Personal User Attributes. ${userAuthenticationMessage(true)} ,User,,,,,UnknownError,"""my"" :: ""user"" :: ""attributes"" :: Nil",APIMethods400.scala
v4_0_0,getUserWithAttributes,GET,/users/USER_ID/attributes,Get User with Attributes by USER_ID,Get User Attributes for the user defined via USER_ID. ${userAuthenticationMessage(true)} ,User,,USER_ID,,,UnknownError,"""users"" :: userId :: ""attributes"" :: Nil",APIMethods400.scala
v4_0_0,createMyPersonalUserAttribute,POST,/my/user/attributes,Create My Personal User Attribute,"Create My Personal User Attribute The `type` field must be one of ""STRING"", ""INTEGER"", ""DOUBLE"" or DATE_WITH_DAY"" ${userAuthenticationMessage(true)} ",User,,,,,UnknownError,"""my"" :: ""user"" :: ""attributes"" :: Nil",APIMethods400.scala
v4_0_0,updateMyPersonalUserAttribute,PUT,/my/user/attributes/USER_ATTRIBUTE_ID,Update My Personal User Attribute,"Update My Personal User Attribute for current user by USER_ATTRIBUTE_ID The type field must be one of ""STRING"", ""INTEGER"", ""DOUBLE"" or DATE_WITH_DAY"" ${userAuthenticationMessage(true)} ",User,,USER_ATTRIBUTE_ID,,,UnknownError,"""my"" :: ""user"" :: ""attributes"" :: userAttributeId :: Nil",APIMethods400.scala
v4_0_0,getScannedApiVersions,GET,/api/versions,Get scanned API Versions,Get all the scanned API Versions.,,,,,,,"""api"" :: ""versions"" :: Nil",APIMethods400.scala
v4_0_0,createMyApiCollection,POST,/my/api-collections,Create My Api Collection,Create Api Collection for logged in user. ${userAuthenticationMessage(true)} ,ApiCollection,,,,,UserNotFound; UnknownError,"""my"" :: ""api-collections"" :: Nil",APIMethods400.scala
v4_0_0,getMyApiCollectionByName,GET,/my/api-collections/name/API_COLLECTION_NAME,Get My Api Collection By Name,Get Api Collection By API_COLLECTION_NAME. ${userAuthenticationMessage(true)} ,ApiCollection,,API_COLLECTION_NAME,,,UserNotFound; UnknownError,"""my"" :: ""api-collections"" :: ""name"" ::apiCollectionName :: Nil",APIMethods400.scala
v4_0_0,getMyApiCollectionById,GET,/my/api-collections/API_COLLECTION_ID,Get My Api Collection By Id,Get Api Collection By API_COLLECTION_ID. ${userAuthenticationMessage(true)} ,ApiCollection,,API_COLLECTION_ID,,,UserNotFound; UnknownError,"""my"" :: ""api-collections"" :: apiCollectionId :: Nil",APIMethods400.scala
v4_0_0,getSharableApiCollectionById,GET,/api-collections/sharable/API_COLLECTION_ID,Get Sharable Api Collection By Id,Get Sharable Api Collection By Id. ${userAuthenticationMessage(false)} ,ApiCollection,,API_COLLECTION_ID,,,UnknownError,"""api-collections"" :: ""sharable"" :: apiCollectionId :: Nil",APIMethods400.scala
v4_0_0,getApiCollectionsForUser,GET,/users/USER_ID/api-collections,Get Api Collections for User,Get Api Collections for User. ${userAuthenticationMessage(true)} ,ApiCollection,,USER_ID,,,UserNotFound; UnknownError,"""users"" :: userId :: ""api-collections"" :: Nil",APIMethods400.scala
v4_0_0,getFeaturedApiCollections,GET,/api-collections/featured,Get Featured Api Collections,Get Featured Api Collections. ${userAuthenticationMessage(false)} ,ApiCollection,,,,,UnknownError,"""api-collections"" :: ""featured"" :: Nil",APIMethods400.scala
v4_0_0,getMyApiCollections,GET,/my/api-collections,Get My Api Collections,Get all the apiCollections for logged in user. ${userAuthenticationMessage(true)} ,ApiCollection,,,,,UnknownError,"""my"" :: ""api-collections"" :: Nil",APIMethods400.scala
v4_0_0,deleteMyApiCollection,DELETE,/my/api-collections/API_COLLECTION_ID,Delete My Api Collection,"Delete Api Collection By API_COLLECTION_ID ${Glossary.getGlossaryItem(""API Collections"")} ${userAuthenticationMessage(true)} ",ApiCollection,,API_COLLECTION_ID,,,UserNotFound; UnknownError,"""my"" :: ""api-collections"" :: apiCollectionId :: Nil",APIMethods400.scala
v4_0_0,createMyApiCollectionEndpoint,POST,/my/api-collections/API_COLLECTION_NAME/api-collection-endpoints,Create My Api Collection Endpoint,"Create Api Collection Endpoint. ${Glossary.getGlossaryItem(""API Collections"")} ${userAuthenticationMessage(true)} ",ApiCollection,,API_COLLECTION_NAME,,,UnknownError,"""my"" :: ""api-collections"" :: apiCollectionName :: ""api-collection-endpoints"" :: Nil",APIMethods400.scala
v4_0_0,createMyApiCollectionEndpointById,POST,/my/api-collection-ids/API_COLLECTION_ID/api-collection-endpoints,Create My Api Collection Endpoint By Id,"Create Api Collection Endpoint By Id. ${Glossary.getGlossaryItem(""API Collections"")} ${userAuthenticationMessage(true)} ",ApiCollection,,API_COLLECTION_ID,,,UnknownError,"""my"" :: ""api-collection-ids"" :: apiCollectionId :: ""api-collection-endpoints"" :: Nil",APIMethods400.scala
v4_0_0,getMyApiCollectionEndpoint,GET,/my/api-collections/API_COLLECTION_NAME/api-collection-endpoints/OPERATION_ID,Get My Api Collection Endpoint,Get Api Collection Endpoint By API_COLLECTION_NAME and OPERATION_ID. ${userAuthenticationMessage(false)} ,ApiCollection,,OPERATION_ID; API_COLLECTION_NAME,,,UserNotFound; UnknownError,"""my"" :: ""api-collections"" :: apiCollectionName :: ""api-collection-endpoints"" :: operationId :: Nil",APIMethods400.scala
v4_0_0,getApiCollectionEndpoints,GET,/api-collections/API_COLLECTION_ID/api-collection-endpoints,Get Api Collection Endpoints,Get Api Collection Endpoints By API_COLLECTION_ID. ${userAuthenticationMessage(false)} ,ApiCollection,,API_COLLECTION_ID,,,UnknownError,"""api-collections"" :: apiCollectionId :: ""api-collection-endpoints"" :: Nil",APIMethods400.scala
v4_0_0,getMyApiCollectionEndpoints,GET,/my/api-collections/API_COLLECTION_NAME/api-collection-endpoints,Get My Api Collection Endpoints,Get Api Collection Endpoints By API_COLLECTION_NAME. ${userAuthenticationMessage(true)} ,ApiCollection,,API_COLLECTION_NAME,,,UserNotFound; UnknownError,N/A,APIMethods400.scala
v4_0_0,getMyApiCollectionEndpointsById,GET,/my/api-collection-ids/API_COLLECTION_ID/api-collection-endpoints,Get My Api Collection Endpoints By Id,Get Api Collection Endpoints By API_COLLECTION_ID. ${userAuthenticationMessage(true)} ,ApiCollection,,API_COLLECTION_ID,,,UserNotFound; UnknownError,N/A,APIMethods400.scala
v4_0_0,deleteMyApiCollectionEndpoint,DELETE,/my/api-collections/API_COLLECTION_NAME/api-collection-endpoints/OPERATION_ID,Delete My Api Collection Endpoint,"${Glossary.getGlossaryItem(""API Collections"")} Delete Api Collection Endpoint By OPERATION_ID ${userAuthenticationMessage(true)} ",ApiCollection,,OPERATION_ID; API_COLLECTION_NAME,,,UserNotFound; UnknownError,"""my"" :: ""api-collections"" :: apiCollectionName :: ""api-collection-endpoints"" :: operationId :: Nil",APIMethods400.scala
v4_0_0,deleteMyApiCollectionEndpointByOperationId,DELETE,/my/api-collection-ids/API_COLLECTION_ID/api-collection-endpoints/OPERATION_ID,Delete My Api Collection Endpoint By Id,"${Glossary.getGlossaryItem(""API Collections"")} Delete Api Collection Endpoint By OPERATION_ID ${userAuthenticationMessage(true)} ",ApiCollection,,API_COLLECTION_ID; OPERATION_ID,,,UserNotFound; UnknownError,"""my"" :: ""api-collection-ids"" :: apiCollectionId :: ""api-collection-endpoints"" :: operationId :: Nil",APIMethods400.scala
v4_0_0,deleteMyApiCollectionEndpointById,DELETE,/my/api-collection-ids/API_COLLECTION_ID/api-collection-endpoint-ids/API_COLLECTION_ENDPOINT_ID,Delete My Api Collection Endpoint By Id,"${Glossary.getGlossaryItem(""API Collections"")} Delete Api Collection Endpoint Delete Api Collection Endpoint By Id ${userAuthenticationMessage(true)} ",ApiCollection,,API_COLLECTION_ID; API_COLLECTION_ENDPOINT_ID,,,UserNotFound; UnknownError,"""my"" :: ""api-collection-ids"" :: apiCollectionId :: ""api-collection-endpoint-ids"" :: apiCollectionEndpointId :: Nil",APIMethods400.scala
v4_0_0,createJsonSchemaValidation,POST,/management/json-schema-validations/OPERATION_ID,Create a JSON Schema Validation,"Create a JSON Schema Validation. Introduction: ${Glossary.getGlossaryItemSimple(""JSON Schema Validation"")} To use this endpoint, please supply a valid json-schema in the request body. Note: It might take a few minutes for the newly created JSON Schema to take effect! ",JsonSchemaValidation,CreateJsonSchemaValidation,OPERATION_ID,,,UnknownError,"""management"" :: ""json-schema-validations"" :: operationId :: Nil",APIMethods400.scala
v4_0_0,updateJsonSchemaValidation,PUT,/management/json-schema-validations/OPERATION_ID,Update a JSON Schema Validation,"Update a JSON Schema Validation. Introduction: ${Glossary.getGlossaryItemSimple(""JSON Schema Validation"")} To use this endpoint, please supply a valid json-schema in the request body. ",JsonSchemaValidation,UpdateJsonSchemaValidation,OPERATION_ID,,,UnknownError,"""management"" :: ""json-schema-validations"" :: operationId :: Nil",APIMethods400.scala
v4_0_0,deleteJsonSchemaValidation,DELETE,/management/json-schema-validations/OPERATION_ID,Delete a JSON Schema Validation,Delete a JSON Schema Validation by operation_id. ,JsonSchemaValidation,DeleteJsonSchemaValidation,OPERATION_ID,,,UnknownError,"""management"" :: ""json-schema-validations"" :: operationId :: Nil",APIMethods400.scala
v4_0_0,getJsonSchemaValidation,GET,/management/json-schema-validations/OPERATION_ID,Get a JSON Schema Validation,Get a JSON Schema Validation by operation_id. ,JsonSchemaValidation,GetJsonSchemaValidation,OPERATION_ID,,,UnknownError,"""management"" :: ""json-schema-validations"" :: operationId :: Nil",APIMethods400.scala
v4_0_0,getAllJsonSchemaValidations,GET,/management/json-schema-validations,Get all JSON Schema Validations,Get all JSON Schema Validations. ,JsonSchemaValidation,GetJsonSchemaValidation,,,,UnknownError,N/A,APIMethods400.scala
v4_0_0,getAllJsonSchemaValidationsPublic,GET,/endpoints/json-schema-validations,Get all JSON Schema Validations - public,Get all JSON Schema Validations - public. ,JsonSchemaValidation,CreateAuthenticationTypeValidation,,,,UnknownError,N/A,APIMethods400.scala
v4_0_0,createAuthenticationTypeValidation,POST,/management/authentication-type-validations/OPERATION_ID,Create an Authentication Type Validation,Create an Authentication Type Validation. Please supply allowed authentication types. ,AuthenticationTypeValidation,CreateAuthenticationTypeValidation,OPERATION_ID,,,UnknownError,"""management"" :: ""authentication-type-validations"" :: operationId :: Nil",APIMethods400.scala
v4_0_0,updateAuthenticationTypeValidation,PUT,/management/authentication-type-validations/OPERATION_ID,Update an Authentication Type Validation,Update an Authentication Type Validation. Please supply allowed authentication types. ,AuthenticationTypeValidation,UpdateAuthenticationTypeValidation,OPERATION_ID,,,UnknownError,"""management"" :: ""authentication-type-validations"" :: operationId :: Nil",APIMethods400.scala
v4_0_0,deleteAuthenticationTypeValidation,DELETE,/management/authentication-type-validations/OPERATION_ID,Delete an Authentication Type Validation,Delete an Authentication Type Validation by operation_id. ,AuthenticationTypeValidation,DeleteAuthenticationValidation,OPERATION_ID,,,UnknownError,"""management"" :: ""authentication-type-validations"" :: operationId :: Nil",APIMethods400.scala
v4_0_0,getAuthenticationTypeValidation,GET,/management/authentication-type-validations/OPERATION_ID,Get an Authentication Type Validation,Get an Authentication Type Validation by operation_id. ,AuthenticationTypeValidation,GetAuthenticationTypeValidation,OPERATION_ID,,,UnknownError,"""management"" :: ""authentication-type-validations"" :: operationId :: Nil",APIMethods400.scala
v4_0_0,getAllAuthenticationTypeValidations,GET,/management/authentication-type-validations,Get all Authentication Type Validations,Get all Authentication Type Validations. ,,GetAuthenticationTypeValidation,,,,,N/A,APIMethods400.scala
v4_0_0,getAllAuthenticationTypeValidationsPublic,GET,/endpoints/authentication-type-validations,Get all Authentication Type Validations - public,Get all Authentication Type Validations - public. ,,CreateConnectorMethod,,,,UnknownError,N/A,APIMethods400.scala
v4_0_0,createConnectorMethod,POST,/management/connector-methods,Create Connector Method,Create an internal connector. The method_body is URL-encoded format String ,ConnectorMethod,CreateConnectorMethod,,,,UnknownError,"""management"" :: ""connector-methods"" :: Nil",APIMethods400.scala
v4_0_0,updateConnectorMethod,PUT,/management/connector-methods/CONNECTOR_METHOD_ID,Update Connector Method,Update an internal connector. The method_body is URL-encoded format String ,ConnectorMethod,UpdateConnectorMethod,CONNECTOR_METHOD_ID,,,UnknownError,"""management"" :: ""connector-methods"" :: connectorMethodId :: Nil",APIMethods400.scala
v4_0_0,getConnectorMethod,GET,/management/connector-methods/CONNECTOR_METHOD_ID,Get Connector Method by Id,Get an internal connector by CONNECTOR_METHOD_ID. ,ConnectorMethod,GetConnectorMethod,CONNECTOR_METHOD_ID,,,UnknownError,"""management"" :: ""connector-methods"" :: connectorMethodId :: Nil",APIMethods400.scala
v4_0_0,getAllConnectorMethods,GET,/management/connector-methods,Get all Connector Methods,Get all Connector Methods. ,ConnectorMethod,GetAllConnectorMethods,,,,UnknownError,"""management"" :: ""connector-methods"" :: Nil",APIMethods400.scala
v4_0_0,createDynamicResourceDoc,POST,/management/dynamic-resource-docs,Create Dynamic Resource Doc,Create a Dynamic Resource Doc. The connector_method_body is URL-encoded format String ,DynamicResourceDoc,CreateDynamicResourceDoc,,,,UnknownError,"""management"" :: ""dynamic-resource-docs"" :: Nil",APIMethods400.scala
v4_0_0,updateDynamicResourceDoc,PUT,/management/dynamic-resource-docs/DYNAMIC-RESOURCE-DOC-ID,Update Dynamic Resource Doc,Update a Dynamic Resource Doc. The connector_method_body is URL-encoded format String ,DynamicResourceDoc,UpdateDynamicResourceDoc,DOC; RESOURCE; ID; DYNAMIC,,,UnknownError,"""management"" :: ""dynamic-resource-docs"" :: dynamicResourceDocId :: Nil",APIMethods400.scala
v4_0_0,deleteDynamicResourceDoc,DELETE,/management/dynamic-resource-docs/DYNAMIC-RESOURCE-DOC-ID,Delete Dynamic Resource Doc,Delete a Dynamic Resource Doc. ,DynamicResourceDoc,DeleteDynamicResourceDoc,DOC; RESOURCE; ID; DYNAMIC,,,UnknownError,"""management"" :: ""dynamic-resource-docs"" :: dynamicResourceDocId :: Nil",APIMethods400.scala
v4_0_0,getDynamicResourceDoc,GET,/management/dynamic-resource-docs/DYNAMIC-RESOURCE-DOC-ID,Get Dynamic Resource Doc by Id,Get a Dynamic Resource Doc by DYNAMIC-RESOURCE-DOC-ID. ,DynamicResourceDoc,GetDynamicResourceDoc,DOC; RESOURCE; ID; DYNAMIC,,,UnknownError,"""management"" :: ""dynamic-resource-docs"" :: dynamicResourceDocId :: Nil",APIMethods400.scala
v4_0_0,getAllDynamicResourceDocs,GET,/management/dynamic-resource-docs,Get all Dynamic Resource Docs,Get all Dynamic Resource Docs. ,DynamicResourceDoc,GetAllDynamicResourceDocs,,,,UnknownError,"""management"" :: ""dynamic-resource-docs"" :: Nil",APIMethods400.scala
v4_0_0,createBankLevelDynamicResourceDoc,POST,/management/banks/BANK_ID/dynamic-resource-docs,Create Bank Level Dynamic Resource Doc,Create a Bank Level Dynamic Resource Doc. The connector_method_body is URL-encoded format String ,DynamicResourceDoc,CreateBankLevelDynamicResourceDoc,BANK_ID,,,BankNotFound; UnknownError,"""management"" :: ""banks"" :: bankId :: ""dynamic-resource-docs"" :: Nil",APIMethods400.scala
v4_0_0,updateBankLevelDynamicResourceDoc,PUT,/management/banks/BANK_ID/dynamic-resource-docs/DYNAMIC-RESOURCE-DOC-ID,Update Bank Level Dynamic Resource Doc,Update a Bank Level Dynamic Resource Doc. The connector_method_body is URL-encoded format String ,DynamicResourceDoc,UpdateBankLevelDynamicResourceDoc,BANK_ID; DYNAMIC; RESOURCE; ID; DOC,,,BankNotFound; UnknownError,"""management"" :: ""banks"" :: bankId :: ""dynamic-resource-docs"" :: dynamicResourceDocId :: Nil",APIMethods400.scala
v4_0_0,deleteBankLevelDynamicResourceDoc,DELETE,/management/banks/BANK_ID/dynamic-resource-docs/DYNAMIC-RESOURCE-DOC-ID,Delete Bank Level Dynamic Resource Doc,Delete a Bank Level Dynamic Resource Doc. ,DynamicResourceDoc,DeleteBankLevelDynamicResourceDoc,BANK_ID; DYNAMIC; RESOURCE; ID; DOC,,,BankNotFound; UnknownError,"""management"" :: ""banks"" :: bankId :: ""dynamic-resource-docs"" :: dynamicResourceDocId :: Nil",APIMethods400.scala
v4_0_0,getBankLevelDynamicResourceDoc,GET,/management/banks/BANK_ID/dynamic-resource-docs/DYNAMIC-RESOURCE-DOC-ID,Get Bank Level Dynamic Resource Doc by Id,Get a Bank Level Dynamic Resource Doc by DYNAMIC-RESOURCE-DOC-ID. ,DynamicResourceDoc,GetBankLevelDynamicResourceDoc,BANK_ID; DYNAMIC; RESOURCE; ID; DOC,,,BankNotFound; UnknownError,"""management"" :: ""banks"" :: bankId :: ""dynamic-resource-docs"" :: dynamicResourceDocId :: Nil",APIMethods400.scala
v4_0_0,getAllBankLevelDynamicResourceDocs,GET,/management/banks/BANK_ID/dynamic-resource-docs,Get all Bank Level Dynamic Resource Docs,Get all Bank Level Dynamic Resource Docs. ,DynamicResourceDoc,GetAllBankLevelDynamicResourceDocs,BANK_ID,,,BankNotFound; UnknownError,"""management"" :: ""banks"" :: bankId :: ""dynamic-resource-docs"" :: Nil",APIMethods400.scala
v4_0_0,buildDynamicEndpointTemplate,POST,/management/dynamic-resource-docs/endpoint-code,Create Dynamic Resource Doc endpoint code,"Create a Dynamic Resource Doc endpoint code. copy the response and past to ${nameOf(PractiseEndpoint)}, So you can have the benefits of auto compilation and debug ",DynamicResourceDoc,,,,,UnknownError,"""management"" :: ""dynamic-resource-docs"" :: ""endpoint-code"" :: Nil",APIMethods400.scala
v4_0_0,createDynamicMessageDoc,POST,/management/dynamic-message-docs,Create Dynamic Message Doc,Create a Dynamic Message Doc. ,DynamicMessageDoc,CreateDynamicMessageDoc,,,,UnknownError,"""management"" :: ""dynamic-message-docs"" :: Nil",APIMethods400.scala
v4_0_0,createBankLevelDynamicMessageDoc,POST,/management/banks/BANK_ID/dynamic-message-docs,Create Bank Level Dynamic Message Doc,Create a Bank Level Dynamic Message Doc. ,DynamicMessageDoc,CreateBankLevelDynamicMessageDoc,BANK_ID,,,BankNotFound; UnknownError,"""management"" :: ""banks"" :: bankId ::""dynamic-message-docs"" :: Nil",APIMethods400.scala
v4_0_0,updateDynamicMessageDoc,PUT,/management/dynamic-message-docs/DYNAMIC_MESSAGE_DOC_ID,Update Dynamic Message Doc,Update a Dynamic Message Doc. ,DynamicMessageDoc,UpdateDynamicMessageDoc,DYNAMIC_MESSAGE_DOC_ID,,,UnknownError,"""management"" :: ""dynamic-message-docs"" :: dynamicMessageDocId :: Nil",APIMethods400.scala
v4_0_0,getDynamicMessageDoc,GET,/management/dynamic-message-docs/DYNAMIC_MESSAGE_DOC_ID,Get Dynamic Message Doc,Get a Dynamic Message Doc by DYNAMIC_MESSAGE_DOC_ID. ,DynamicMessageDoc,GetDynamicMessageDoc,DYNAMIC_MESSAGE_DOC_ID,,,UnknownError,"""management"" :: ""dynamic-message-docs"" :: dynamicMessageDocId :: Nil",APIMethods400.scala
v4_0_0,getAllDynamicMessageDocs,GET,/management/dynamic-message-docs,Get all Dynamic Message Docs,Get all Dynamic Message Docs. ,DynamicMessageDoc,GetAllDynamicMessageDocs,,,,UnknownError,"""management"" :: ""dynamic-message-docs"" :: Nil",APIMethods400.scala
v4_0_0,deleteDynamicMessageDoc,DELETE,/management/dynamic-message-docs/DYNAMIC_MESSAGE_DOC_ID,Delete Dynamic Message Doc,Delete a Dynamic Message Doc. ,DynamicMessageDoc,DeleteDynamicMessageDoc,DYNAMIC_MESSAGE_DOC_ID,,,UnknownError,"""management"" :: ""dynamic-message-docs"" :: dynamicMessageDocId :: Nil",APIMethods400.scala
v4_0_0,updateBankLevelDynamicMessageDoc,PUT,/management/banks/BANK_ID/dynamic-message-docs/DYNAMIC_MESSAGE_DOC_ID,Update Bank Level Dynamic Message Doc,Update a Bank Level Dynamic Message Doc. ,DynamicMessageDoc,UpdateDynamicMessageDoc,BANK_ID; DYNAMIC_MESSAGE_DOC_ID,,,BankNotFound; UnknownError,"""management"" :: ""banks"" :: bankId::""dynamic-message-docs"" :: dynamicMessageDocId :: Nil",APIMethods400.scala
v4_0_0,getBankLevelDynamicMessageDoc,GET,/management/banks/BANK_ID/dynamic-message-docs/DYNAMIC_MESSAGE_DOC_ID,Get Bank Level Dynamic Message Doc,Get a Bank Level Dynamic Message Doc by DYNAMIC_MESSAGE_DOC_ID. ,DynamicMessageDoc,GetBankLevelDynamicMessageDoc,BANK_ID; DYNAMIC_MESSAGE_DOC_ID,,,BankNotFound; UnknownError,"""management"" :: ""banks"" :: bankId :: ""dynamic-message-docs"" :: dynamicMessageDocId :: Nil",APIMethods400.scala
v4_0_0,getAllBankLevelDynamicMessageDocs,GET,/management/banks/BANK_ID/dynamic-message-docs,Get all Bank Level Dynamic Message Docs,Get all Bank Level Dynamic Message Docs. ,DynamicMessageDoc,GetAllDynamicMessageDocs,BANK_ID,,,BankNotFound; UnknownError,"""management"" :: ""banks"" :: bankId :: ""dynamic-message-docs"" :: Nil",APIMethods400.scala
v4_0_0,deleteBankLevelDynamicMessageDoc,DELETE,/management/banks/BANK_ID/dynamic-message-docs/DYNAMIC_MESSAGE_DOC_ID,Delete Bank Level Dynamic Message Doc,Delete a Bank Level Dynamic Message Doc. ,DynamicMessageDoc,DeleteBankLevelDynamicMessageDoc,BANK_ID; DYNAMIC_MESSAGE_DOC_ID,,,BankNotFound; UnknownError,"""management"" :: ""banks"" :: bankId :: ""dynamic-message-docs"" :: dynamicMessageDocId :: Nil",APIMethods400.scala
v4_0_0,createEndpointMapping,POST,/management/endpoint-mappings,Create Endpoint Mapping,Create an Endpoint Mapping. Note: at moment only support the dynamic endpoints ,EndpointMapping,CreateEndpointMapping,,,,UnknownError,"""management"" :: ""endpoint-mappings"" :: Nil",APIMethods400.scala
v4_0_0,updateEndpointMapping,PUT,/management/endpoint-mappings/ENDPOINT_MAPPING_ID,Update Endpoint Mapping,Update an Endpoint Mapping. ,EndpointMapping,UpdateEndpointMapping,ENDPOINT_MAPPING_ID,,,UnknownError,"""management"" :: ""endpoint-mappings"" :: endpointMappingId :: Nil",APIMethods400.scala
v4_0_0,getEndpointMapping,GET,/management/endpoint-mappings/ENDPOINT_MAPPING_ID,Get Endpoint Mapping by Id,Get an Endpoint Mapping by ENDPOINT_MAPPING_ID. ,EndpointMapping,GetEndpointMapping,ENDPOINT_MAPPING_ID,,,UnknownError,"""management"" :: ""endpoint-mappings"" :: endpointMappingId :: Nil",APIMethods400.scala
v4_0_0,getAllEndpointMappings,GET,/management/endpoint-mappings,Get all Endpoint Mappings,Get all Endpoint Mappings. ,EndpointMapping,GetAllEndpointMappings,,,,UnknownError,"""management"" :: ""endpoint-mappings"" :: Nil",APIMethods400.scala
v4_0_0,deleteEndpointMapping,DELETE,/management/endpoint-mappings/ENDPOINT_MAPPING_ID,Delete Endpoint Mapping,Delete a Endpoint Mapping. ,EndpointMapping,DeleteEndpointMapping,ENDPOINT_MAPPING_ID,,,UnknownError,"""management"" :: ""endpoint-mappings"" :: endpointMappingId :: Nil",APIMethods400.scala
v4_0_0,createBankLevelEndpointMapping,POST,/management/banks/BANK_ID/endpoint-mappings,Create Bank Level Endpoint Mapping,Create an Bank Level Endpoint Mapping. Note: at moment only support the dynamic endpoints ,EndpointMapping,CreateBankLevelEndpointMapping; CreateEndpointMapping,BANK_ID,,,BankNotFound; UnknownError,"""management"" :: ""banks"" :: bankId :: ""endpoint-mappings"" :: Nil",APIMethods400.scala
v4_0_0,updateBankLevelEndpointMapping,PUT,/management/banks/BANK_ID/endpoint-mappings/ENDPOINT_MAPPING_ID,Update Bank Level Endpoint Mapping,Update an Bank Level Endpoint Mapping. ,EndpointMapping,UpdateEndpointMapping; UpdateBankLevelEndpointMapping,BANK_ID; ENDPOINT_MAPPING_ID,,,BankNotFound; UnknownError,"""management"" :: ""banks"" :: bankId :: ""endpoint-mappings"" :: endpointMappingId :: Nil",APIMethods400.scala
v4_0_0,getBankLevelEndpointMapping,GET,/management/banks/BANK_ID/endpoint-mappings/ENDPOINT_MAPPING_ID,Get Bank Level Endpoint Mapping,Get an Bank Level Endpoint Mapping by ENDPOINT_MAPPING_ID. ,EndpointMapping,GetEndpointMapping; GetBankLevelEndpointMapping,BANK_ID; ENDPOINT_MAPPING_ID,,,BankNotFound; UnknownError,"""management"" :: ""banks"" :: bankId :: ""endpoint-mappings"" :: endpointMappingId :: Nil",APIMethods400.scala
v4_0_0,getAllBankLevelEndpointMappings,GET,/management/banks/BANK_ID/endpoint-mappings,Get all Bank Level Endpoint Mappings,Get all Bank Level Endpoint Mappings. ,EndpointMapping,GetAllBankLevelEndpointMappings; GetAllEndpointMappings,BANK_ID,,,BankNotFound; UnknownError,"""management"" :: ""banks"" :: bankId :: ""endpoint-mappings"" :: Nil",APIMethods400.scala
v4_0_0,deleteBankLevelEndpointMapping,DELETE,/management/banks/BANK_ID/endpoint-mappings/ENDPOINT_MAPPING_ID,Delete Bank Level Endpoint Mapping,Delete a Bank Level Endpoint Mapping. ,EndpointMapping,DeleteEndpointMapping; DeleteBankLevelEndpointMapping,BANK_ID; ENDPOINT_MAPPING_ID,,,BankNotFound; UnknownError,"""management"" :: ""banks"" :: bankId :: ""endpoint-mappings"" :: endpointMappingId :: Nil",APIMethods400.scala
v4_0_0,updateAtmSupportedCurrencies,PUT,/banks/BANK_ID/atms/ATM_ID/supported-currencies,Update ATM Supported Currencies,Update ATM Supported Currencies. ,ATM,,BANK_ID; ATM_ID,,,UnknownError,"""banks"" :: BankId(bankId) :: ""atms"" :: AtmId(atmId) :: ""supported-currencies"" :: Nil",APIMethods400.scala
v4_0_0,updateAtmSupportedLanguages,PUT,/banks/BANK_ID/atms/ATM_ID/supported-languages,Update ATM Supported Languages,Update ATM Supported Languages. ,ATM,,BANK_ID; ATM_ID,,,UnknownError,"""banks"" :: BankId(bankId) :: ""atms"" :: AtmId(atmId) :: ""supported-languages"" :: Nil",APIMethods400.scala
v4_0_0,updateAtmAccessibilityFeatures,PUT,/banks/BANK_ID/atms/ATM_ID/accessibility-features,Update ATM Accessibility Features,Update ATM Accessibility Features. ,ATM,,BANK_ID; ATM_ID,,,UnknownError,"""banks"" :: BankId(bankId) :: ""atms"" :: AtmId(atmId) :: ""accessibility-features"" :: Nil",APIMethods400.scala
v4_0_0,updateAtmServices,PUT,/banks/BANK_ID/atms/ATM_ID/services,Update ATM Services,Update ATM Services. ,ATM,,BANK_ID; ATM_ID,,,UnknownError,"""banks"" :: BankId(bankId) :: ""atms"" :: AtmId(atmId) :: ""services"" :: Nil",APIMethods400.scala
v4_0_0,updateAtmNotes,PUT,/banks/BANK_ID/atms/ATM_ID/notes,Update ATM Notes,Update ATM Notes. ,ATM,,BANK_ID; ATM_ID,,,UnknownError,"""banks"" :: BankId(bankId) :: ""atms"" :: AtmId(atmId) :: ""notes"" :: Nil",APIMethods400.scala
v4_0_0,updateAtmLocationCategories,PUT,/banks/BANK_ID/atms/ATM_ID/location-categories,Update ATM Location Categories,Update ATM Location Categories. ,ATM,,BANK_ID; ATM_ID,,,UnknownError,"""banks"" :: BankId(bankId) :: ""atms"" :: AtmId(atmId) :: ""location-categories"" :: Nil",APIMethods400.scala
v4_0_0,createAtm,POST,/banks/BANK_ID/atms,Create ATM,Create ATM.,ATM,CreateAtm; CreateAtmAtAnyBank,BANK_ID,,,UnknownError,"""banks"" :: BankId(bankId) :: ""atms"" :: Nil",APIMethods400.scala
v4_0_0,updateAtm,PUT,/banks/BANK_ID/atms/ATM_ID,UPDATE ATM,Update ATM.,ATM,UpdateAtm; UpdateAtmAtAnyBank,BANK_ID; ATM_ID,,,UnknownError,"""banks"" :: BankId(bankId) :: ""atms"" :: AtmId(atmId) :: Nil",APIMethods400.scala
v4_0_0,deleteAtm,DELETE,/banks/BANK_ID/atms/ATM_ID,Delete ATM,Delete ATM.,ATM,DeleteAtm; DeleteAtmAtAnyBank,BANK_ID; ATM_ID,,,UnknownError,"""banks"" :: BankId(bankId) :: ""atms"" :: AtmId(atmId) :: Nil",APIMethods400.scala
v4_0_0,getAtms,GET,/banks/BANK_ID/atms,Get Bank ATMS,"Returns information about ATMs for a single bank specified by BANK_ID including: * Address * Geo Location * License the data under this endpoint is released under Pagination: By default, 100 records are returned. You can use the url query parameters *limit* and *offset* for pagination ${userAuthenticationMessage(!getAtmsIsPublic)}",ATM,,BANK_ID,,,BankNotFound; UnknownError,"""banks"" :: BankId(bankId) :: ""atms"" :: Nil",APIMethods400.scala
v4_0_0,getAtm,GET,/banks/BANK_ID/atms/ATM_ID,Get Bank ATM,Returns information about ATM for a single bank specified by BANK_ID and ATM_ID including: * Address * Geo Location * License the data under this endpoint is released under ${userAuthenticationMessage(!getAtmsIsPublic)} ,ATM,,BANK_ID; ATM_ID,CREATE_LOCALISED_RESOURCE_DOC_JSON_TTL,,UnknownError,"""banks"" :: BankId(bankId) :: ""atms"" :: AtmId(atmId) :: Nil",APIMethods400.scala
v4_0_0,createSystemLevelEndpointTag,POST,/management/endpoints/OPERATION_ID/tags,Create System Level Endpoint Tag,"Create System Level Endpoint Tag Note: Resource Docs are cached, TTL is ${CREATE_LOCALISED_RESOURCE_DOC_JSON_TTL} seconds ",Api,CreateSystemLevelEndpointTag,OPERATION_ID,CREATE_LOCALISED_RESOURCE_DOC_JSON_TTL,,UnknownError,"""management"" :: ""endpoints"" :: operationId :: ""tags"" :: Nil",APIMethods400.scala
v4_0_0,updateSystemLevelEndpointTag,PUT,/management/endpoints/OPERATION_ID/tags/ENDPOINT_TAG_ID,Update System Level Endpoint Tag,"Update System Level Endpoint Tag, you can only update the tag_name here, operation_id can not be updated. Note: Resource Docs are cached, TTL is ${CREATE_LOCALISED_RESOURCE_DOC_JSON_TTL} seconds ",Api,UpdateSystemLevelEndpointTag,OPERATION_ID; ENDPOINT_TAG_ID,CREATE_LOCALISED_RESOURCE_DOC_JSON_TTL,,EndpointTagNotFound; UnknownError,"""management"" :: ""endpoints"" :: operationId :: ""tags"" :: endpointTagId :: Nil",APIMethods400.scala
v4_0_0,getSystemLevelEndpointTags,GET,/management/endpoints/OPERATION_ID/tags,Get System Level Endpoint Tags,Get System Level Endpoint Tags.,Api,GetSystemLevelEndpointTag,OPERATION_ID,,,UnknownError,"""management"" :: ""endpoints"" :: operationId :: ""tags"" :: Nil",APIMethods400.scala
v4_0_0,deleteSystemLevelEndpointTag,DELETE,/management/endpoints/OPERATION_ID/tags/ENDPOINT_TAG_ID,Delete System Level Endpoint Tag,Delete System Level Endpoint Tag.,Api,DeleteSystemLevelEndpointTag,OPERATION_ID; ENDPOINT_TAG_ID,CREATE_LOCALISED_RESOURCE_DOC_JSON_TTL,,UnknownError,"""management"" :: ""endpoints"" :: operationId :: ""tags"" :: endpointTagId :: Nil",APIMethods400.scala
v4_0_0,createBankLevelEndpointTag,POST,/management/banks/BANK_ID/endpoints/OPERATION_ID/tags,Create Bank Level Endpoint Tag,"Create Bank Level Endpoint Tag Note: Resource Docs are cached, TTL is ${CREATE_LOCALISED_RESOURCE_DOC_JSON_TTL} seconds ",Api,CreateBankLevelEndpointTag,BANK_ID; OPERATION_ID,CREATE_LOCALISED_RESOURCE_DOC_JSON_TTL,,BankNotFound; UnknownError,"""management"" :: ""banks"" :: bankId :: ""endpoints"" :: operationId :: ""tags"" :: Nil",APIMethods400.scala
v4_0_0,updateBankLevelEndpointTag,PUT,/management/banks/BANK_ID/endpoints/OPERATION_ID/tags/ENDPOINT_TAG_ID,Update Bank Level Endpoint Tag,"Update Endpoint Tag, you can only update the tag_name here, operation_id can not be updated. Note: Resource Docs are cached, TTL is ${CREATE_LOCALISED_RESOURCE_DOC_JSON_TTL} seconds ",Api,UpdateBankLevelEndpointTag,BANK_ID; OPERATION_ID; ENDPOINT_TAG_ID,CREATE_LOCALISED_RESOURCE_DOC_JSON_TTL,,BankNotFound; EndpointTagNotFound; UnknownError,N/A,APIMethods400.scala
v4_0_0,getBankLevelEndpointTags,GET,/management/banks/BANK_ID/endpoints/OPERATION_ID/tags,Get Bank Level Endpoint Tags,Get Bank Level Endpoint Tags.,Api,GetBankLevelEndpointTag,BANK_ID; OPERATION_ID,,,BankNotFound; UnknownError,N/A,APIMethods400.scala
v4_0_0,deleteBankLevelEndpointTag,DELETE,/management/banks/BANK_ID/endpoints/OPERATION_ID/tags/ENDPOINT_TAG_ID,Delete Bank Level Endpoint Tag,Delete Bank Level Endpoint Tag.,Api,DeleteBankLevelEndpointTag,BANK_ID; OPERATION_ID; ENDPOINT_TAG_ID,,,BankNotFound; UnknownError,"""my"" :: ""spaces"" :: Nil",APIMethods400.scala
v4_0_0,getMySpaces,GET,/my/spaces,Get My Spaces,Get My Spaces.,User,,,,,UnknownError,"""my"" :: ""spaces"" :: Nil",APIMethods400.scala
v4_0_0,createProduct,PUT,/banks/BANK_ID/products/PRODUCT_CODE,Create Product,Create or Update Product for the Bank. Typical Super Family values / Asset classes are: Debt Equity FX Commodity Derivative $productHiearchyAndCollectionNote ${userAuthenticationMessage(true) } ,Product,CreateProductAtAnyBank; CreateProduct,BANK_ID; PRODUCT_CODE,,,BankNotFound; UnknownError,"""banks"" :: BankId(bankId) :: ""products"" :: ProductCode(productCode) :: Nil",APIMethods400.scala
v4_0_0,getProduct,GET,/banks/BANK_ID/products/PRODUCT_CODE,Get Bank Product,Returns information about a financial Product offered by the bank specified by BANK_ID and PRODUCT_CODE including: * Name * Code * Parent Product Code * More info URL * Description * Terms and Conditions * Description * Meta * Attributes * Fees ${userAuthenticationMessage(!getProductsIsPublic)},Product,,BANK_ID; PRODUCT_CODE,,,BankNotFound; UnknownError; ProductNotFound,"""banks"" :: BankId(bankId) :: ""products"" :: ProductCode(productCode) :: Nil",APIMethods400.scala
v4_0_0,createCustomerMessage,POST,/banks/BANK_ID/customers/CUSTOMER_ID/messages,Create Customer Message, Create a message for the customer specified by CUSTOMER_ID ${userAuthenticationMessage(true)} ,Person; Message; Customer,CreateCustomerMessage,BANK_ID; CUSTOMER_ID,,,BankNotFound,"""banks"" :: BankId(bankId) :: ""customers"" :: customerId :: ""messages"" :: Nil",APIMethods400.scala
v4_0_0,getCustomerMessages,GET,/banks/BANK_ID/customers/CUSTOMER_ID/messages,Get Customer Messages for a Customer,Get messages for the customer specified by CUSTOMER_ID ${userAuthenticationMessage(true)},Message; Customer,GetCustomerMessages,BANK_ID; CUSTOMER_ID,,,BankNotFound; UnknownError,"""banks"" :: BankId(bankId) :: ""customers"" :: customerId :: ""messages"" :: Nil",APIMethods400.scala
v4_0_0,createSystemAccountNotificationWebhook,POST,/web-hooks/account/notifications/on-create-transaction,Create system level Account Notification Webhook, Create a notification Webhook that will fire for all accounts on the system. $generalWebHookInfo $accountNotificationWebhookInfo ,,CreateSystemAccountNotificationWebhook,,,,,N/A,APIMethods400.scala
v4_0_0,createBankAccountNotificationWebhook,POST,/banks/BANK_ID/web-hooks/account/notifications/on-create-transaction,Create bank level Account Notification Webhook,Create a notification Webhook that will fire for all accounts on the specified Bank. $generalWebHookInfo $accountNotificationWebhookInfo ,,CreateAccountNotificationWebhookAtOneBank,BANK_ID,,,,"""banks"" :: BankId(bankId) :: ""web-hooks"" ::""account"" ::""notifications"" ::""on-create-transaction"" :: Nil",APIMethods400.scala
v4_0_0,createSystemDynamicEntity,POST,/management/system-dynamic-entities,Create System Level Dynamic Entity,"Create a system level Dynamic Entity. ${userAuthenticationMessage(true)} Create a DynamicEntity. If creation is successful, the corresponding POST, GET, PUT and DELETE (Create, Read, Update, Delete or CRUD for short) endpoints will be generated automatically The following field types are as supported: ${DynamicEntityFieldType.values.map(_.toString).mkString(""["", "", "", "", reference]"")} The ${DynamicEntityFieldType.DATE_WITH_DAY} format is: ${DynamicEntityFieldType.DATE_WITH_DAY.dateFormat} Refere",,,,,,UnknownError,"""management"" :: ""system-dynamic-entities"" :: Nil",APIMethods400.scala
v4_0_0,createBankLevelDynamicEntity,POST,/management/banks/BANK_ID/dynamic-entities,Create Bank Level Dynamic Entity,"Create a Bank Level DynamicEntity. ${userAuthenticationMessage(true)} Create a DynamicEntity. If creation is successful, the corresponding POST, GET, PUT and DELETE (Create, Read, Update, Delete or CRUD for short) endpoints will be generated automatically The following field types are as supported: ${DynamicEntityFieldType.values.map(_.toString).mkString(""["", "", "", "", reference]"")} The ${DynamicEntityFieldType.DATE_WITH_DAY} format is: ${DynamicEntityFieldType.DATE_WITH_DAY.dateFormat} Reference",,,BANK_ID,,,BankNotFound; UnknownError,N/A,APIMethods400.scala
v4_0_0,updateSystemDynamicEntity,PUT,/management/system-dynamic-entities/DYNAMIC_ENTITY_ID,Update System Level Dynamic Entity,"Update a System Level Dynamic Entity. ${userAuthenticationMessage(true)} Update one DynamicEntity, after update finished, the corresponding CRUD endpoints will be changed. The following field types are as supported: ${DynamicEntityFieldType.values.map(_.toString).mkString(""["", "", "", "", reference]"")} ${DynamicEntityFieldType.DATE_WITH_DAY} format: ${DynamicEntityFieldType.DATE_WITH_DAY.dateFormat} Reference types are like foreign keys and composite foreign keys are supported. The value you need t",ManageDynamicEntity; Api,UpdateSystemDynamicEntity,DYNAMIC_ENTITY_ID,,,DynamicEntityNotFound; UnknownError,"""management"" :: ""system-dynamic-entities"" :: dynamicEntityId :: Nil",APIMethods400.scala
v4_0_0,updateBankLevelDynamicEntity,PUT,/management/banks/BANK_ID/dynamic-entities/DYNAMIC_ENTITY_ID,Update Bank Level Dynamic Entity,"Update a Bank Level DynamicEntity. ${userAuthenticationMessage(true)} Update one DynamicEntity, after update finished, the corresponding CRUD endpoints will be changed. The following field types are as supported: ${DynamicEntityFieldType.values.map(_.toString).mkString(""["", "", "", "", reference]"")} ${DynamicEntityFieldType.DATE_WITH_DAY} format: ${DynamicEntityFieldType.DATE_WITH_DAY.dateFormat} Reference types are like foreign keys and composite foreign keys are supported. The value you need to s",ManageDynamicEntity; Api,UpdateBankLevelDynamicEntity,BANK_ID; DYNAMIC_ENTITY_ID,,,BankNotFound; UnknownError,"""management"" :: ""banks"" :: bankId :: ""dynamic-entities"" :: dynamicEntityId :: Nil",APIMethods400.scala
v4_0_0,updateMyDynamicEntity,PUT,/my/dynamic-entities/DYNAMIC_ENTITY_ID,Update My Dynamic Entity,"Update my DynamicEntity. ${userAuthenticationMessage(true)} Update one of my DynamicEntity, after update finished, the corresponding CRUD endpoints will be changed. Current support filed types as follow: ${DynamicEntityFieldType.values.map(_.toString).mkString(""["", "", "", "", reference]"")} ${DynamicEntityFieldType.DATE_WITH_DAY} format: ${DynamicEntityFieldType.DATE_WITH_DAY.dateFormat} Reference types are like foreign keys and composite foreign keys are supported. The value you need to supply as ",ManageDynamicEntity; Api,,DYNAMIC_ENTITY_ID,,,DynamicEntityNotFound; UnknownError,"""my"" :: ""dynamic-entities"" :: dynamicEntityId :: Nil",APIMethods400.scala
v5_0_0,getBank,GET,/banks/BANK_ID,Get Bank,Get the bank specified by BANK_ID Returns information about a single bank specified by BANK_ID including: * Bank code and full name of bank * Logo URL * Website,,,BANK_ID,createBankJSON500,,BankNotFound; UnknownError,"""banks"" :: BankId(bankId) :: Nil",APIMethods500.scala
v5_0_0,createBank,POST,/banks,Create Bank,"Create a new bank (Authenticated access). The user creating this will be automatically assigned the Role CanCreateEntitlementAtOneBank. Thus the User can manage the bank they create and assign Roles to other Users. Only SANDBOX mode The settlement accounts are created specified by the bank in the POST body. Name and account id are created in accordance to the next rules: - Incoming account (name: Default incoming settlement account, Account ID: OBP_DEFAULT_INCOMING_ACCOUNT_ID, currency: EUR) - O",Bank,CreateBank,,,,UnknownError,"case ""banks"" :: Nil JsonPost",APIMethods500.scala
v5_0_0,updateBank,PUT,/banks,Update Bank,Update an existing bank (Authenticated access). ,Bank,CreateBank,,,,BankNotFound; updateBankError; UnknownError,"case ""banks"" :: Nil JsonPut",APIMethods500.scala
v5_0_0,createAccount,PUT,/banks/BANK_ID/accounts/ACCOUNT_ID,Create Account (PUT),"Create Account at bank specified by BANK_ID with Id specified by ACCOUNT_ID. The User can create an Account for themself - or - the User that has the USER_ID specified in the POST body. If the PUT body USER_ID *is* specified, the logged in user must have the Role canCreateAccount. Once created, the Account will be owned by the User specified by USER_ID. If the PUT body USER_ID is *not* specified, the account will be owned by the logged in User. The 'product_code' field SHOULD be a product_code f",Account; Onboarding,CreateAccount,BANK_ID; ACCOUNT_ID,,,UserNotFound; BankNotFound; UnknownError,"""banks"" :: BankId(bankId) :: ""accounts"" :: AccountId(accountId) :: Nil",APIMethods500.scala
v5_0_0,createUserAuthContext,POST,/users/USER_ID/auth-context,Create User Auth Context,Create User Auth Context. These key value pairs will be propagated over connector to adapter. Normally used for mapping OBP user and Bank User/Customer. ${userAuthenticationMessage(true)} ,User,CreateUserAuthContext,USER_ID,,,CreateUserAuthContextError; UnknownError,"""users"" :: userId ::""auth-context"" :: Nil",APIMethods500.scala
v5_0_0,getUserAuthContexts,GET,/users/USER_ID/auth-context,Get User Auth Contexts,Get User Auth Contexts for a User. ${userAuthenticationMessage(true)} ,User,,USER_ID,,,UnknownError,"""users"" :: userId :: ""auth-context"" :: Nil",APIMethods500.scala
v5_0_0,createUserAuthContextUpdateRequest,POST,/banks/BANK_ID/users/current/auth-context-updates/SCA_METHOD,Create User Auth Context Update Request,"Create User Auth Context Update Request. ${userAuthenticationMessage(true)} A One Time Password (OTP) (AKA security challenge) is sent Out of Band (OOB) to the User via the transport defined in SCA_METHOD SCA_METHOD is typically ""SMS"" or ""EMAIL"". ""EMAIL"" is used for testing purposes. ",User,,BANK_ID; SCA_METHOD,,,BankNotFound; UnknownError; CreateUserAuthContextError,"""banks"" :: BankId(bankId) :: ""users"" :: ""current"" ::""auth-context-updates"" :: scaMethod :: Nil",APIMethods500.scala
v5_0_0,answerUserAuthContextUpdateChallenge,POST,/banks/BANK_ID/users/current/auth-context-updates/AUTH_CONTEXT_UPDATE_ID/challenge,Answer User Auth Context Update Challenge, Answer User Auth Context Update Challenge. ,,,BANK_ID; AUTH_CONTEXT_UPDATE_ID,,,,"""banks"" :: BankId(bankId) :: ""users"" :: ""current"" ::""auth-context-updates""  :: authContextUpdateId :: ""challenge"" :: Nil",APIMethods500.scala
v5_0_0,createConsentRequest,POST,/consumer/consent-requests,Create Consent Request," Client Authentication (mandatory) It is used when applications request an access token to access their own resources, not on behalf of a user. The client needs to authenticate themselves for this request. In case of public client we use client_id and private key to obtain access token, otherwise we use client_id and client_secret. The obtained access token is used in the HTTP Bearer auth header of our request. Example: Authorization: Bearer eXtneO-THbQtn3zvK_kQtXXfvOZyZFdBCItlPDbR2Bk.dOWqtXCtFX",,,,,,,"""consumer"" :: ""consent-requests"" :: Nil",APIMethods500.scala
v5_0_0,getConsentRequest,GET,/consumer/consent-requests/CONSENT_REQUEST_ID,Get Consent Request,,,,CONSENT_REQUEST_ID,,,X509GeneralError; ConsentRequestNotFound; UnknownError,"""consumer"" :: ""consent-requests"" :: consentRequestId :: Nil",APIMethods500.scala
v5_0_0,getConsentByConsentRequestId,GET,/consumer/consent-requests/CONSENT_REQUEST_ID/consents,Get Consent By Consent Request Id via Consumer, This endpoint gets the Consent By consent request id. ${userAuthenticationMessage(true)} ,Psd2; Consent; PSD2AIS,,CONSENT_REQUEST_ID,,,UnknownError,"""consumer"" :: ""consent-requests"" :: consentRequestId :: ""consents"" :: Nil",APIMethods500.scala
v5_0_0,createConsentByConsentRequestIdEmail,POST,/consumer/consent-requests/CONSENT_REQUEST_ID/EMAIL/consents,Create Consent By CONSENT_REQUEST_ID (EMAIL), This endpoint continues the process of creating a Consent. It starts the SCA flow which changes the status of the consent from INITIATED to ACCEPTED or REJECTED. Please note that the Consent cannot elevate the privileges of the logged in user. ,,,CONSENT_REQUEST_ID; EMAIL,,,,N/A,APIMethods500.scala
v5_0_0,createConsentByConsentRequestIdSms,POST,/consumer/consent-requests/CONSENT_REQUEST_ID/SMS/consents,Create Consent By CONSENT_REQUEST_ID (SMS), This endpoint continues the process of creating a Consent. It starts the SCA flow which changes the status of the consent from INITIATED to ACCEPTED or REJECTED. Please note that the Consent you are creating cannot exceed the entitlements that the User creating this consents already has. ,,,CONSENT_REQUEST_ID; SMS,,,,N/A,APIMethods500.scala
v5_0_0,createConsentByConsentRequestIdImplicit,POST,/consumer/consent-requests/CONSENT_REQUEST_ID/IMPLICIT/consents,Create Consent By CONSENT_REQUEST_ID (IMPLICIT), This endpoint continues the process of creating a Consent. It starts the SCA flow which changes the status of the consent from INITIATED to ACCEPTED or REJECTED. Please note that the Consent cannot elevate the privileges logged in user already have. ,,,CONSENT_REQUEST_ID; IMPLICIT,,,,N/A,APIMethods500.scala
v5_0_0,createCustomer,POST,/banks/BANK_ID/customers,Create Customer," The Customer resource stores the customer number (which is set by the backend), legal name, email, phone number, their date of birth, relationship status, education attained, a url for a profile image, KYC status etc. Dates need to be in the format 2013-01-21T23:08:00Z Note: If you need to set a specific customer number, use the Update Customer Number endpoint after this call. ${userAuthenticationMessage(true)} ",Person; Customer,CreateCustomer; CreateCustomerAtAnyBank,BANK_ID,,,UserNotFound; BankNotFound; CreateConsumerError; UnknownError,"""banks"" :: BankId(bankId) :: ""customers"" :: Nil",APIMethods500.scala
v5_0_0,getCustomerOverview,POST,/banks/BANK_ID/customers/customer-number-query/overview,Get Customer Overview,Gets the Customer Overview specified by customer_number and bank_code. ${userAuthenticationMessage(true)} ,Customer; Kyc,GetCustomerOverview,BANK_ID,,,UserCustomerLinksNotFound; UnknownError,"""banks"" :: BankId(bankId) :: ""customers"" :: ""customer-number-query"" :: ""overview"" :: Nil",APIMethods500.scala
v5_0_0,getCustomerOverviewFlat,POST,/banks/BANK_ID/customers/customer-number-query/overview-flat,Get Customer Overview Flat,Gets the Customer Overview Flat specified by customer_number and bank_code. ${userAuthenticationMessage(true)} ,Customer; Kyc,GetCustomerOverviewFlat,BANK_ID,,,UserCustomerLinksNotFound; UnknownError,"""banks"" :: BankId(bankId) :: ""customers"" :: ""customer-number-query"" :: ""overview-flat"" :: Nil",APIMethods500.scala
v5_0_0,getMyCustomersAtAnyBank,GET,/my/customers,Get My Customers,Gets all Customers that are linked to me. Authentication via OAuth is required.,Customer; User,,,customerJSONs,customerJSONs,UserCustomerLinksNotFound; UnknownError,"""my"" :: ""customers"" :: Nil",APIMethods500.scala
v5_0_0,getMyCustomersAtBank,GET,/banks/BANK_ID/my/customers,Get My Customers at Bank,Returns a list of Customers at the Bank that are linked to the currently authenticated User. ${userAuthenticationMessage(true)},Customer,,BANK_ID,customerJSONs,customerJSONs,BankNotFound; UserCustomerLinksNotFound; UnknownError,"""banks"" :: BankId(bankId) :: ""my"" :: ""customers"" :: Nil",APIMethods500.scala
v5_0_0,getCustomersAtOneBank,GET,/banks/BANK_ID/customers,Get Customers at Bank,Get Customers at Bank. ${userAuthenticationMessage(true)} ,Customer; User,GetCustomers,BANK_ID,,,UserCustomerLinksNotFound; UnknownError,"""banks"" :: BankId(bankId) :: ""customers"" :: Nil",APIMethods500.scala
v5_0_0,getCustomersMinimalAtOneBank,GET,/banks/BANK_ID/customers-minimal,Get Customers Minimal at Bank,Get Customers Minimal at Bank. ,Customer; User,GetCustomersMinimal,BANK_ID,,,UserCustomerLinksNotFound; UnknownError,"""banks"" :: BankId(bankId) :: ""customers-minimal"" :: Nil",APIMethods500.scala
v5_0_0,createProduct,PUT,/banks/BANK_ID/products/PRODUCT_CODE,Create Product,Create or Update Product for the Bank. Typical Super Family values / Asset classes are: Debt Equity FX Commodity Derivative $productHiearchyAndCollectionNote ${userAuthenticationMessage(true) } ,Product,CreateProductAtAnyBank; CreateProduct,BANK_ID; PRODUCT_CODE,,,BankNotFound; UnknownError,"""banks"" :: BankId(bankId) :: ""products"" :: ProductCode(productCode) :: Nil",APIMethods500.scala
v5_0_0,addCardForBank,POST,/management/banks/BANK_ID/cards,Create Card,Create Card at bank specified by BANK_ID . ${userAuthenticationMessage(true)} ,Card,CreateCardsForBank,BANK_ID,,,BankNotFound; UnknownError,"""management"" :: ""banks"" :: BankId(bankId) :: ""cards"" :: Nil",APIMethods500.scala
v5_0_0,getViewsForBankAccount,GET,/banks/BANK_ID/accounts/ACCOUNT_ID/views,Get Views for Account,"#Views Views in Open Bank Project provide a mechanism for fine grained access control and delegation to Accounts and Transactions. Account holders use the 'owner' view by default. Delegated access is made through other views for example 'accountants', 'share-holders' or 'tagging-application'. Views can be created via the API and each view has a list of entitlements. Views on accounts and transactions filter the underlying data to redact certain fields for certain users. For instance the balance ",,,BANK_ID; ACCOUNT_ID,,,,"""banks"" :: BankId(bankId) :: ""accounts"" :: AccountId(accountId) :: ""views"" :: Nil",APIMethods500.scala
v5_0_0,getMetricsAtBank,GET,/management/metrics/banks/BANK_ID,Get Metrics at Bank,Get the all metrics at the Bank specified by BANK_ID require CanReadMetrics role Filters Part 1.*filtering* (no wilde cards etc.) parameters to GET /management/metrics Should be able to filter on the following metrics fields eg: /management/metrics?from_date=$DateWithMsExampleString&to_date=$DateWithMsExampleString&limit=50&offset=2 1 from_date (defaults to one week before current date): eg:from_date=$DateWithMsExampleString 2 to_date (defaults to current date) eg:to_date=$DateWithMsExampleStrin,,,BANK_ID,,,,"""management"" :: ""metrics"" :: ""banks"" :: bankId :: Nil",APIMethods500.scala
v5_0_0,getSystemViewsIds,GET,/system-views-ids,Get Ids of System Views,Get Ids of System Views ${userAuthenticationMessage(true)} ,SystemView,GetSystemView,,,,BankNotFound; UnknownError,"case ""system-views-ids"" :: Nil JsonGet",APIMethods500.scala
v5_0_0,createSystemView,POST,/system-views,Create System View,"Create a system view ${userAuthenticationMessage(true)} and the user needs to have access to the $canCreateSystemView entitlement. The 'allowed_actions' field is a list containing the names of the actions allowed through this view. All the actions contained in the list will be set to `true` on the view creation, the rest will be set to `false`. The 'alias' field in the JSON can take one of three values: * _public_: to use the public alias if there is one specified for the other account. * _priva",SystemView,CreateSystemView,,,,UnknownError,"case ""system-views"" :: Nil JsonPost",APIMethods500.scala
v5_0_0,updateSystemView,PUT,/system-views/VIEW_ID,Update System View,"Update an existing view on a bank account ${userAuthenticationMessage(true)} and the user needs to have access to the owner view. The json sent is the same as during view creation (above), with one difference: the 'name' field of a view is not editable (it is only set when a view is created)",SystemView,UpdateSystemView,VIEW_ID,UpdateViewJSON,,BankAccountNotFound; UnknownError,"""system-views"" :: viewId :: Nil",APIMethods500.scala
v5_0_0,createCustomerAccountLink,POST,/banks/BANK_ID/customer-account-links,Create Customer Account Link,Link a Customer to a Account ${userAuthenticationMessage(true)} ,Account; Customer,CreateCustomerAccountLink,BANK_ID,,,BankNotFound; BankAccountNotFound; CustomerNotFound; UnknownError; CreateCustomerAccountLinkError,"""banks"" :: BankId(bankId):: ""customer-account-links"" :: Nil",APIMethods500.scala
v5_0_0,getCustomerAccountLinksByCustomerId,GET,/banks/BANK_ID/customers/CUSTOMER_ID/customer-account-links,Get Customer Account Links by CUSTOMER_ID,Get Customer Account Links by CUSTOMER_ID ${userAuthenticationMessage(true)} ,Customer,GetCustomerAccountLinks,BANK_ID; CUSTOMER_ID,,,CustomerNotFound; BankNotFound; UnknownError,"""banks"" :: BankId(bankId) :: ""customers"" :: customerId :: ""customer-account-links"" :: Nil",APIMethods500.scala
v5_0_0,getCustomerAccountLinksByBankIdAccountId,GET,/banks/BANK_ID/accounts/ACCOUNT_ID/customer-account-links,Get Customer Account Links by ACCOUNT_ID,Get Customer Account Links by ACCOUNT_ID ${userAuthenticationMessage(true)} ,Customer,GetCustomerAccountLinks,BANK_ID; ACCOUNT_ID,,,BankNotFound; BankAccountNotFound; UnknownError,"""banks"" :: bankId :: ""accounts"" :: accountId :: ""customer-account-links"" :: Nil",APIMethods500.scala
v5_0_0,getCustomerAccountLinkById,GET,/banks/BANK_ID/customer-account-links/CUSTOMER_ACCOUNT_LINK_ID,Get Customer Account Link by Id,Get Customer Account Link by CUSTOMER_ACCOUNT_LINK_ID ${userAuthenticationMessage(true)} ,Customer,GetCustomerAccountLink,BANK_ID; CUSTOMER_ACCOUNT_LINK_ID,,,BankNotFound; UnknownError,"""banks"" :: BankId(bankId) :: ""customer-account-links"" :: customerAccountLinkId :: Nil",APIMethods500.scala
v5_0_0,updateCustomerAccountLinkById,PUT,/banks/BANK_ID/customer-account-links/CUSTOMER_ACCOUNT_LINK_ID,Update Customer Account Link by Id,Update Customer Account Link by CUSTOMER_ACCOUNT_LINK_ID ${userAuthenticationMessage(true)} ,Customer,UpdateCustomerAccountLink,BANK_ID; CUSTOMER_ACCOUNT_LINK_ID,,,BankNotFound; UnknownError,"""banks"" :: BankId(bankId) :: ""customer-account-links"" :: customerAccountLinkId :: Nil",APIMethods500.scala
v5_0_0,deleteCustomerAccountLinkById,DELETE,/banks/BANK_ID/customer-account-links/CUSTOMER_ACCOUNT_LINK_ID,Delete Customer Account Link,Delete Customer Account Link by CUSTOMER_ACCOUNT_LINK_ID ${userAuthenticationMessage(true)} ,Customer,DeleteCustomerAccountLink,BANK_ID; CUSTOMER_ACCOUNT_LINK_ID,,,BankNotFound; UnknownError,"""banks"" :: BankId(bankId) :: ""customer-account-links"" :: customerAccountLinkId :: Nil",APIMethods500.scala
v5_0_0,getAdapterInfo,GET,/adapter,Get Adapter Info,Get basic information about the Adapter. ${userAuthenticationMessage(true)} ,Api,GetAdapterInfo,,,,UnknownError,"case ""adapter"" :: Nil JsonGet",APIMethods500.scala
v5_1_0,root,GET,/root,Get API Info (root),Returns information about: * API version * Hosted by information * Hosted at information * Energy source information * Git Commit,,,,getApiInfoJSON,,UnknownError,"""ui"" :: ""suggested-session-timeout"" :: Nil",APIMethods510.scala
v5_1_0,suggestedSessionTimeout,GET,/ui/suggested-session-timeout,Get Suggested Session Timeout,Returns information about: * Suggested session timeout in case of a user inactivity,Api,,,,,UnknownError,"""ui"" :: ""suggested-session-timeout"" :: Nil",APIMethods510.scala
v5_1_0,regulatedEntities,GET,/regulated-entities,Get Regulated Entities,Returns information about: * Regulated Entities,,,,,,UnknownError,"""regulated-entities"" :: regulatedEntityId :: Nil",APIMethods510.scala
v5_1_0,getRegulatedEntityById,GET,/regulated-entities/REGULATED_ENTITY_ID,Get Regulated Entity,Get Regulated Entity By REGULATED_ENTITY_ID,Api; Directory,CreateRegulatedEntity,REGULATED_ENTITY_ID,,,UnknownError,"""regulated-entities"" :: regulatedEntityId :: Nil",APIMethods510.scala
v5_1_0,createRegulatedEntity,POST,/regulated-entities,Create Regulated Entity,Create Regulated Entity ${userAuthenticationMessage(true)} ,Api; Directory,CreateRegulatedEntity,,,,UnknownError,"case ""regulated-entities"" :: Nil JsonPost",APIMethods510.scala
v5_1_0,deleteRegulatedEntity,DELETE,/regulated-entities/REGULATED_ENTITY_ID,Delete Regulated Entity,Delete Regulated Entity specified by REGULATED_ENTITY_ID ${userAuthenticationMessage(true)} ,Api; Directory,DeleteRegulatedEntity,REGULATED_ENTITY_ID,,,UnknownError,"""regulated-entities"" :: regulatedEntityId :: Nil",APIMethods510.scala
v5_1_0,waitingForGodot,GET,/waiting-for-godot,Waiting For Godot,"Waiting For Godot Uses query parameter ""sleep"" in milliseconds. For instance: .../waiting-for-godot?sleep=50 means postpone response in 50 milliseconds. ",,,,,,UnknownError,"case ""waiting-for-godot"" :: Nil JsonGet",APIMethods510.scala
v5_1_0,getAllApiCollections,GET,/management/api-collections,Get All API Collections,Get All API Collections. ${userAuthenticationMessage(true)} ,ApiCollection,,,,,UnknownError,"""management"" :: ""api-collections"" :: Nil",APIMethods510.scala
v5_1_0,createAgent,POST,/banks/BANK_ID/agents,Create Agent, ${userAuthenticationMessage(true)} ,Person; Customer,,BANK_ID,,,BankNotFound; CreateAgentError; UnknownError,"""banks"" :: BankId(bankId) :: ""agents"" :: Nil",APIMethods510.scala
v5_1_0,updateAgentStatus,PUT,/banks/BANK_ID/agents/AGENT_ID,Update Agent status, ${userAuthenticationMessage(true)} ,Person; Customer,,BANK_ID; AGENT_ID,,,AgentNotFound; BankNotFound; AgentAccountLinkNotFound; UnknownError,"""banks"" :: BankId(bankId) :: ""agents""  :: agentId :: Nil",APIMethods510.scala
v5_1_0,getAgent,GET,/banks/BANK_ID/agents/AGENT_ID,Get Agent,Get Agent. ${userAuthenticationMessage(true)} ,Account,,BANK_ID; AGENT_ID,,,AgentNotFound; BankNotFound; AgentAccountLinkNotFound; UnknownError,"""banks"" :: BankId(bankId) :: ""agents"" :: agentId :: Nil",APIMethods510.scala
v5_1_0,createNonPersonalUserAttribute,POST,/users/USER_ID/non-personal/attributes,Create Non Personal User Attribute,"Create Non Personal User Attribute The type field must be one of ""STRING"", ""INTEGER"", ""DOUBLE"" or DATE_WITH_DAY"" ${userAuthenticationMessage(true)} ",User,CreateNonPersonalUserAttribute,USER_ID,,,UnknownError,"""users"" :: userId ::""non-personal"":: ""attributes"" :: Nil",APIMethods510.scala
v5_1_0,deleteNonPersonalUserAttribute,DELETE,/users/USER_ID/non-personal/attributes/USER_ATTRIBUTE_ID,Delete Non Personal User Attribute,Delete the Non Personal User Attribute specified by ENTITLEMENT_REQUEST_ID for a user specified by USER_ID ${userAuthenticationMessage(true)} ,User,DeleteNonPersonalUserAttribute,USER_ID; USER_ATTRIBUTE_ID,,,UnknownError,"""users"" :: userId :: ""non-personal"" :: ""attributes"" :: userAttributeId :: Nil",APIMethods510.scala
v5_1_0,getNonPersonalUserAttributes,GET,/users/USER_ID/non-personal/attributes,Get Non Personal User Attributes,Get Non Personal User Attribute for a user specified by USER_ID ${userAuthenticationMessage(true)} ,User,GetNonPersonalUserAttributes,USER_ID,,,UnknownError,"""users"" :: userId :: ""non-personal"" ::""attributes"" :: Nil",APIMethods510.scala
v5_1_0,syncExternalUser,POST,/users/PROVIDER/PROVIDER_ID/sync,Sync User,"The endpoint is used to create or sync an OBP User with User from an external identity provider. PROVIDER is the host of the provider e.g. a Keycloak Host. PROVIDER_ID is the unique identifier for the User at the PROVIDER. At the end of the process, a User will exist in OBP with the Account Access records defined by the CBS. ${userAuthenticationMessage(true)} ",User,SyncUser,PROVIDER; PROVIDER_ID,,,UnknownError,"""users"" :: provider :: providerId :: ""sync"" :: Nil",APIMethods510.scala
v5_1_0,getAccountsHeldByUserAtBank,GET,/users/USER_ID/banks/BANK_ID/accounts-held,Get Accounts Held By User,"Get Accounts held by the User if even the User has not been assigned the owner View yet. Can be used to onboard the account to the API - since all other account and transaction endpoints require views to be assigned. ${accountTypeFilterText(""/users/USER_ID/banks/BANK_ID/accounts-held"")} ",Account,GetAccountsHeldAtOneBank; GetAccountsHeldAtAnyBank,BANK_ID; USER_ID,createCoreAccountsByCoreAccountsJSON,,UserNotFound; BankNotFound; UnknownError,"""users"" :: userId :: ""banks"" :: BankId(bankId) :: ""accounts-held"" :: Nil",APIMethods510.scala
v5_1_0,getAccountsHeldByUser,GET,/users/USER_ID/accounts-held,Get Accounts Held By User,"Get Accounts held by the User if even the User has not been assigned the owner View yet. Can be used to onboard the account to the API - since all other account and transaction endpoints require views to be assigned. ${accountTypeFilterText(""/users/USER_ID/accounts-held"")} ",Account,GetAccountsHeldAtAnyBank,USER_ID,createCoreAccountsByCoreAccountsJSON,,UserNotFound; BankNotFound; UnknownError,"""users"" :: userId :: ""accounts-held"" :: Nil",APIMethods510.scala
v5_1_0,getEntitlementsAndPermissions,GET,/users/USER_ID/entitlements-and-permissions,Get Entitlements and Permissions for a User, ,Entitlement; Role; User,GetEntitlementsForAnyUserAtAnyBank,USER_ID,createUserInfoJSON,,UserNotFound; UnknownError,"""users"" :: userId :: ""entitlements-and-permissions"" :: Nil",APIMethods510.scala
v5_1_0,customViewNamesCheck,GET,/management/system/integrity/custom-view-names-check,Check Custom View Names,Check custom view names. ${userAuthenticationMessage(true)} ,SystemIntegrity,,,,,UnknownError,"""management"" :: ""system"" :: ""integrity"" :: ""custom-view-names-check"" :: Nil",APIMethods510.scala
v5_1_0,systemViewNamesCheck,GET,/management/system/integrity/system-view-names-check,Check System View Names,Check system view names. ${userAuthenticationMessage(true)} ,SystemIntegrity,,,,,UnknownError,"""management"" :: ""system"" :: ""integrity"" :: ""system-view-names-check"" :: Nil",APIMethods510.scala
v5_1_0,accountAccessUniqueIndexCheck,GET,/management/system/integrity/account-access-unique-index-1-check,Check Unique Index at Account Access,Check unique index at account access table. ${userAuthenticationMessage(true)} ,SystemIntegrity,,,,,UnknownError,"""management"" :: ""system"" :: ""integrity"" :: ""account-access-unique-index-1-check"" :: Nil",APIMethods510.scala
v5_1_0,accountCurrencyCheck,GET,/management/system/integrity/banks/BANK_ID/account-currency-check,Check for Sensible Currencies,Check for sensible currencies at Bank Account model ${userAuthenticationMessage(true)} ,SystemIntegrity,,BANK_ID,,,UnknownError,"""management"" :: ""system"" :: ""integrity""  :: ""banks"" :: BankId(bankId) :: ""account-currency-check"" :: Nil",APIMethods510.scala
v5_1_0,getCurrenciesAtBank,GET,/banks/BANK_ID/currencies,Get Currencies at a Bank,Get Currencies specified by BANK_ID ,Fx,,BANK_ID,,,UnknownError,"""banks"" :: BankId(bankId) :: ""currencies"" :: Nil",APIMethods510.scala
v5_1_0,orphanedAccountCheck,GET,/management/system/integrity/banks/BANK_ID/orphaned-account-check,Check for Orphaned Accounts,Check for orphaned accounts at Bank Account model ${userAuthenticationMessage(true)} ,SystemIntegrity,,BANK_ID,,,UnknownError,"""management"" :: ""system"" :: ""integrity""  :: ""banks"" :: BankId(bankId) :: ""orphaned-account-check"" :: Nil",APIMethods510.scala
v5_1_0,createAtmAttribute,POST,/banks/BANK_ID/atms/ATM_ID/attributes,Create ATM Attribute,"Create ATM Attribute The type field must be one of ""STRING"", ""INTEGER"", ""DOUBLE"" or DATE_WITH_DAY"" ${userAuthenticationMessage(true)} ",ATM,CreateAtmAttribute; CreateAtmAttributeAtAnyBank,BANK_ID; ATM_ID,,,BankNotFound; UnknownError,"""banks"" :: BankId(bankId) :: ""atms"" :: AtmId(atmId) :: ""attributes"" :: Nil",APIMethods510.scala
v5_1_0,getAgents,GET,/banks/BANK_ID/agents,Get Agents at Bank,"Get Agents at Bank. ${userAuthenticationMessage(false)} ${urlParametersDocument(true, true)} ",Account,GetAtmAttribute; GetAtmAttributeAtAnyBank,BANK_ID,,,BankNotFound; AgentsNotFound; UnknownError,"""banks"" :: BankId(bankId) :: ""agents"" :: Nil",APIMethods510.scala
v5_1_0,getAtmAttributes,GET,/banks/BANK_ID/atms/ATM_ID/attributes,Get ATM Attributes,Get ATM Attributes ${userAuthenticationMessage(true)} ,ATM,GetAtmAttribute; GetAtmAttributeAtAnyBank,BANK_ID; ATM_ID,,,BankNotFound; UnknownError,"""banks"" :: BankId(bankId) :: ""atms"" :: AtmId(atmId) :: ""attributes"" :: Nil",APIMethods510.scala
v5_1_0,getAtmAttribute,GET,/banks/BANK_ID/atms/ATM_ID/attributes/ATM_ATTRIBUTE_ID,Get ATM Attribute By ATM_ATTRIBUTE_ID,Get ATM Attribute By ATM_ATTRIBUTE_ID ${userAuthenticationMessage(true)} ,ATM,GetAtmAttribute; GetAtmAttributeAtAnyBank,BANK_ID; ATM_ID; ATM_ATTRIBUTE_ID,,,BankNotFound; UnknownError,"""banks"" :: BankId(bankId) :: ""atms"" :: AtmId(atmId) :: ""attributes"" :: atmAttributeId :: Nil",APIMethods510.scala
v5_1_0,updateAtmAttribute,PUT,/banks/BANK_ID/atms/ATM_ID/attributes/ATM_ATTRIBUTE_ID,Update ATM Attribute,Update ATM Attribute. Update an ATM Attribute by its id. ${userAuthenticationMessage(true)} ,ATM,UpdateAtmAttributeAtAnyBank; UpdateAtmAttribute,BANK_ID; ATM_ID; ATM_ATTRIBUTE_ID,,,BankNotFound; UnknownError,"""banks"" :: BankId(bankId) :: ""atms"" :: AtmId(atmId) :: ""attributes"" :: atmAttributeId :: Nil",APIMethods510.scala
v5_1_0,deleteAtmAttribute,DELETE,/banks/BANK_ID/atms/ATM_ID/attributes/ATM_ATTRIBUTE_ID,Delete ATM Attribute,Delete ATM Attribute Delete a Atm Attribute by its id. ${userAuthenticationMessage(true)} ,ATM,DeleteAtmAttributeAtAnyBank; DeleteAtmAttribute,BANK_ID; ATM_ID; ATM_ATTRIBUTE_ID,,,BankNotFound; UnknownError,"""banks"" :: BankId(bankId) :: ""atms"" :: AtmId(atmId) :: ""attributes"" :: atmAttributeId :: Nil",APIMethods510.scala
v5_1_0,updateConsentStatusByConsent,PUT,/management/banks/BANK_ID/consents/CONSENT_ID,Update Consent Status by CONSENT_ID," This endpoint is used to update the Status of Consent. Each Consent has one of the following states: ${ConsentStatus.values.toList.sorted.mkString("", "")}. ${userAuthenticationMessage(true)} ",,,BANK_ID; CONSENT_ID,,,,"""management"" :: ""banks"" :: BankId(bankId) :: ""consents"" :: consentId :: Nil",APIMethods510.scala
v5_1_0,updateConsentAccountAccessByConsentId,PUT,/management/banks/BANK_ID/consents/CONSENT_ID/account-access,Update Consent Account Access by CONSENT_ID, This endpoint is used to update the Account Access of Consent. ${userAuthenticationMessage(true)} ,,,BANK_ID; CONSENT_ID,,,,"""management"" :: ""banks"" :: BankId(bankId) :: ""consents"" :: consentId :: ""account-access"" :: Nil",APIMethods510.scala
v5_1_0,updateConsentUserIdByConsentId,PUT,/management/banks/BANK_ID/consents/CONSENT_ID/created-by-user,Update Created by User of Consent by CONSENT_ID," This endpoint is used to Update the User bound to a consent. In general we would not expect for a management user to set the User bound to a consent, but there may be some use cases where this workflow is useful. If successful, the ""Created by User ID"" field in the OBP Consent table will be updated. ${userAuthenticationMessage(true)} ",,,BANK_ID; CONSENT_ID,,,,"""management"" :: ""banks"" :: BankId(bankId) :: ""consents"" :: consentId :: ""created-by-user"" :: Nil",APIMethods510.scala
v5_1_0,getMyConsentsByBank,GET,/banks/BANK_ID/my/consents,Get My Consents at Bank, This endpoint gets the Consents created by a current User. ${userAuthenticationMessage(true)} ,Psd2; Consent; PSD2AIS,,BANK_ID,,,BankNotFound; UnknownError,"""banks"" :: BankId(bankId) :: ""my"" :: ""consents"" :: Nil",APIMethods510.scala
v5_1_0,getMyConsents,GET,/my/consents,Get My Consents, This endpoint gets the Consents created by a current User. ${userAuthenticationMessage(true)} ,Psd2; Consent; PSD2AIS,,,,,BankNotFound; UnknownError,"""my"" :: ""consents"" :: Nil",APIMethods510.scala
v5_1_0,getConsentsAtBank,GET,/management/consents/banks/BANK_ID,Get Consents at Bank," This endpoint gets the Consents at Bank by BANK_ID. ${userAuthenticationMessage(true)} 1 limit (for pagination: defaults to 50) eg:limit=200 2 offset (for pagination: zero index, defaults to 0) eg: offset=10 3 consumer_id (ignore if omitted) 4 user_id (ignore if omitted) 5 status (ignore if omitted) eg: /management/consents/banks/BANK_ID?&consumer_id=78&limit=10&offset=10 ",Psd2; Consent; PSD2AIS,GetConsentsAtAnyBank; GetConsentsAtOneBank,BANK_ID,,,BankNotFound; UnknownError,"""management"" :: ""consents"" :: ""banks"" :: BankId(bankId) :: Nil",APIMethods510.scala
v5_1_0,getConsents,GET,/management/consents,Get Consents," This endpoint gets the Consents. ${userAuthenticationMessage(true)} 1 limit (for pagination: defaults to 50) eg:limit=200 2 offset (for pagination: zero index, defaults to 0) eg: offset=10 3 consumer_id (ignore if omitted) 4 consent_id (ignore if omitted) 5 user_id (ignore if omitted) 6 status (ignore if omitted) 7 bank_id (ignore if omitted) eg:/management/consents?consumer_id=78&limit=10&offset=10 ",Psd2; Consent; PSD2AIS,GetConsentsAtAnyBank,,,,BankNotFound; UnknownError,"""management"" :: ""consents"" :: Nil",APIMethods510.scala
v5_1_0,getConsentByConsentId,GET,/user/current/consents/CONSENT_ID,Get Consent By Consent Id via User, This endpoint gets the Consent By consent id. ${userAuthenticationMessage(true)} ,Psd2; Consent; PSD2AIS,,CONSENT_ID,,,UnknownError,"""user"" :: ""current"" :: ""consents"" :: consentId :: Nil",APIMethods510.scala
v5_1_0,getConsentByConsentIdViaConsumer,GET,/consumer/current/consents/CONSENT_ID,Get Consent By Consent Id via Consumer, This endpoint gets the Consent By consent id. ${userAuthenticationMessage(true)} ,Psd2; Consent; PSD2AIS,,CONSENT_ID,,,UnknownError,"""consumer"" :: ""current""  :: ""consents"" :: consentId :: Nil",APIMethods510.scala
v5_1_0,revokeConsentAtBank,DELETE,/banks/BANK_ID/consents/CONSENT_ID,Revoke Consent at Bank," Revoke Consent specified by CONSENT_ID There are a few reasons you might need to revoke an application’s access to a user’s account: - The user explicitly wishes to revoke the application’s access - You as the service provider have determined an application is compromised or malicious, and want to disable it - etc. OBP as a resource server stores access tokens in a database, then it is relatively easy to revoke some token that belongs to a particular user. The status of the token is changed to ",Psd2; Consent; PSD2AIS,RevokeConsentAtBank,BANK_ID; CONSENT_ID,,,BankNotFound; UnknownError,"""banks"" :: BankId(bankId) :: ""consents"" :: consentId :: Nil",APIMethods510.scala
v5_1_0,selfRevokeConsent,DELETE,/my/consent/current,Revoke Consent used in the Current Call," Revoke Consent specified by Consent-Id at Request Header There are a few reasons you might need to revoke an application’s access to a user’s account: - The user explicitly wishes to revoke the application’s access - You as the service provider have determined an application is compromised or malicious, and want to disable it - etc. OBP as a resource server stores access tokens in a database, then it is relatively easy to revoke some token that belongs to a particular user. The status of the to",Psd2; Consent; PSD2AIS,,,,,BankNotFound; UnknownError,"""my"" :: ""consent"" :: ""current"" :: Nil",APIMethods510.scala
v5_1_0,createConsentImplicit,POST,/my/consents/IMPLICIT,Create Consent (IMPLICIT)," This endpoint starts the process of creating a Consent. The Consent is created in an ${ConsentStatus.INITIATED} state. A One Time Password (OTP) (AKA security challenge) is sent Out of Band (OOB) to the User via the transport defined in SCA_METHOD SCA_METHOD is typically ""SMS"",""EMAIL"" or ""IMPLICIT"". ""EMAIL"" is used for testing purposes. OBP mapped mode ""IMPLICIT"" is ""EMAIL"". Other mode, bank can decide it in the connector method 'getConsentImplicitSCA'. When the Consent is created, OBP (or a ba",,,IMPLICIT,,,,N/A,APIMethods510.scala
v5_1_0,mtlsClientCertificateInfo,GET,/my/mtls/certificate/current,Provide client's certificate info of a current call, Provide client's certificate info of a current call specified by PSD2-CERT value at Request Header ${userAuthenticationMessage(true)} ,Psd2; Consent; PSD2AIS,,,,,BankNotFound; UnknownError,"""my"" :: ""mtls"" :: ""certificate"" :: ""current"" :: Nil",APIMethods510.scala
v5_1_0,updateMyApiCollection,PUT,/my/api-collections/API_COLLECTION_ID,Update My Api Collection By API_COLLECTION_ID,Update Api Collection for logged in user. ${userAuthenticationMessage(true)} ,ApiCollection,,API_COLLECTION_ID,,,UserNotFound; UnknownError,"""my"" :: ""api-collections"" :: apiCollectionId :: Nil",APIMethods510.scala
v5_1_0,getUserByProviderAndUsername,GET,/users/provider/PROVIDER/username/USERNAME,Get User by USERNAME,"Get user by PROVIDER and USERNAME ${userAuthenticationMessage(true)} CanGetAnyUser entitlement is required, ",User,GetAnyUser,PROVIDER; USERNAME,createUserInfoJSON,,UserNotFound; UnknownError,"""users"" :: ""provider"" :: provider :: ""username"" :: username :: Nil",APIMethods510.scala
v5_1_0,getUserLockStatus,GET,/users/PROVIDER/USERNAME/lock-status,Get User Lock Status, Get User Login Status. ${userAuthenticationMessage(true)} ,User,ReadUserLockedStatus,PROVIDER; USERNAME,,,UserNotFound; UnknownError,N/A,APIMethods510.scala
v5_1_0,unlockUserByProviderAndUsername,PUT,/users/PROVIDER/USERNAME/lock-status,Unlock the user, Unlock a User. (Perhaps the user was locked due to multiple failed login attempts) ${userAuthenticationMessage(true)} ,User,UnlockUser,PROVIDER; USERNAME,,,UserNotFound; UnknownError,"""users"" :: provider :: username :: ""lock-status"" :: Nil",APIMethods510.scala
v5_1_0,lockUserByProviderAndUsername,POST,/users/PROVIDER/USERNAME/locks,Lock the user, Lock a User. ${userAuthenticationMessage(true)} ,User,LockUser,PROVIDER; USERNAME,,,UserNotFound; UnknownError,"""users"" :: provider :: username :: ""locks"" :: Nil",APIMethods510.scala
v5_1_0,validateUserByUserId,PUT,/management/users/USER_ID,Validate a user, Validate the User by USER_ID. ${userAuthenticationMessage(true)} ,User,ValidateUser,USER_ID,,,UserNotFound; UnknownError,"""management"" :: ""users"" :: userId :: Nil",APIMethods510.scala
v5_1_0,getAggregateMetrics,GET,/management/aggregate-metrics,Get Aggregate Metrics,"Returns aggregate metrics on api usage eg. total count, response time (in ms), etc. Should be able to filter on the following fields eg: /management/aggregate-metrics?from_date=$DateWithMsExampleString&to_date=$DateWithMsExampleString&consumer_id=5 &user_id=66214b8e-259e-44ad-8868-3eb47be70646&implemented_by_partial_function=getTransactionsForBankAccount &implemented_in_version=v3.0.0&url=/obp/v3.0.0/banks/gh.29.uk/accounts/8ca8a7e4-6d02-48e3-a029-0b2bf89de9f0/owner/transactions &verb=GET&anon=f",,,,,,,"""management"" :: ""aggregate-metrics"" :: Nil",APIMethods510.scala
v5_1_0,getMetrics,GET,/management/metrics,Get Metrics,Get API metrics rows. These are records of each REST API call. require CanReadMetrics role Filters Part 1.*filtering* (no wilde cards etc.) parameters to GET /management/metrics You can filter by the following fields by applying url parameters eg: /management/metrics?from_date=$DateWithMsExampleString&to_date=$DateWithMsExampleString&limit=50&offset=2 1 from_date e.g.:from_date=$DateWithMsExampleString Defaults to the Unix Epoch i.e. ${theEpochTime} 2 to_date e.g.:to_date=$DateWithMsExampleStrin,,,,,,,"""management"" :: ""metrics"" :: Nil",APIMethods510.scala
v5_1_0,getCustomersForUserIdsOnly,GET,/users/current/customers/customer_ids,Get Customers for Current User (IDs only),Gets all Customers Ids that are linked to a User. ${userAuthenticationMessage(true)} ,Customer; User,,_,,,UserCustomerLinksNotFound; UnknownError,"""users"" :: ""current"" :: ""customers"" :: ""customer_ids"" :: Nil",APIMethods510.scala
v5_1_0,getCustomersByLegalName,POST,/banks/BANK_ID/customers/legal-name,Get Customers by Legal Name,Gets the Customers specified by Legal Name. ${userAuthenticationMessage(true)} ,Customer; Kyc,GetCustomer,BANK_ID,,,UserCustomerLinksNotFound; UnknownError,"""banks"" :: BankId(bankId) :: ""customers"" :: ""legal-name"" :: Nil",APIMethods510.scala
v5_1_0,createAtm,POST,/banks/BANK_ID/atms,Create ATM,Create ATM.,ATM,CreateAtm; CreateAtmAtAnyBank,BANK_ID,,,UnknownError,"""banks"" :: BankId(bankId) :: ""atms"" :: Nil",APIMethods510.scala
v5_1_0,updateAtm,PUT,/banks/BANK_ID/atms/ATM_ID,UPDATE ATM,Update ATM.,ATM,UpdateAtm; UpdateAtmAtAnyBank,BANK_ID; ATM_ID,,,UnknownError,"""banks"" :: BankId(bankId) :: ""atms"" :: AtmId(atmId) :: Nil",APIMethods510.scala
v5_1_0,getAtms,GET,/banks/BANK_ID/atms,Get Bank ATMS,"Returns information about ATMs for a single bank specified by BANK_ID including: * Address * Geo Location * License the data under this endpoint is released under Pagination: By default, 100 records are returned. You can use the url query parameters *limit* and *offset* for pagination ${userAuthenticationMessage(!getAtmsIsPublic)}",ATM,,BANK_ID,,,BankNotFound; UnknownError,"""banks"" :: BankId(bankId) :: ""atms"" :: Nil",APIMethods510.scala
v5_1_0,getAtm,GET,/banks/BANK_ID/atms/ATM_ID,Get Bank ATM,Returns information about ATM for a single bank specified by BANK_ID and ATM_ID including: * Address * Geo Location * License the data under this endpoint is released under * ATM Attributes ${userAuthenticationMessage(!getAtmsIsPublic)},ATM,,BANK_ID; ATM_ID,,,BankNotFound; AtmNotFound; UnknownError,"""banks"" :: BankId(bankId) :: ""atms"" :: AtmId(atmId) :: Nil",APIMethods510.scala
v5_1_0,deleteAtm,DELETE,/banks/BANK_ID/atms/ATM_ID,Delete ATM,Delete ATM. This will also delete all its attributes. ,ATM,DeleteAtm; DeleteAtmAtAnyBank,BANK_ID; ATM_ID,,,UnknownError,"""banks"" :: BankId(bankId) :: ""atms"" :: AtmId(atmId) :: Nil",APIMethods510.scala
v5_1_0,createConsumerDynamicRegistration,POST,/dynamic-registration/consumers,Create a Consumer(Dynamic Registration),"Create a Consumer (mTLS access). JWT payload: - minimal { ""description"":""Description"" } - full { ""description"": ""Description"", ""app_name"": ""Tesobe GmbH"", ""app_type"": ""Sofit"", ""developer_email"": ""marko@tesobe.com"", ""redirect_url"": ""http://localhost:8082"" } Please note that JWT must be signed with the counterpart private key of the public key used to establish mTLS ",Consumer; Directory,,,,,UnknownError,"""dynamic-registration"" :: ""consumers"" :: Nil",APIMethods510.scala
v5_1_0,createConsumer,POST,/management/consumers,Create a Consumer,Create a Consumer (Authenticated access). ,Consumer,CreateConsumer,,,,UnknownError,"""management"" :: ""consumers"" :: Nil",APIMethods510.scala
v5_1_0,createMyConsumer,POST,/my/consumers,Create a Consumer,Create a Consumer (Authenticated access). ,Consumer,,,,,UnknownError,"""my"" :: ""consumers"" :: Nil",APIMethods510.scala
v5_1_0,updateConsumerRedirectURL,PUT,/management/consumers/CONSUMER_ID/consumer/redirect_url,Update Consumer RedirectURL,Update an existing redirectUrl for a Consumer specified by CONSUMER_ID. ${consumerDisabledText()} CONSUMER_ID can be obtained after you register the application. Or use the endpoint 'Get Consumers' to get it ,Consumer,UpdateConsumerRedirectUrl,CONSUMER_ID; _,consumerRedirectUrlJSON,,UnknownError,"""management"" :: ""consumers"" :: consumerId :: ""consumer"" :: ""redirect_url"" :: Nil",APIMethods510.scala
v5_1_0,updateConsumerLogoURL,PUT,/management/consumers/CONSUMER_ID/consumer/logo_url,Update Consumer LogoURL,Update an existing logoURL for a Consumer specified by CONSUMER_ID. ${consumerDisabledText()} CONSUMER_ID can be obtained after you register the application. Or use the endpoint 'Get Consumers' to get it ,Consumer,UpdateConsumerLogoUrl,CONSUMER_ID; _,createConsumerJSON,,UnknownError,"""management"" :: ""consumers"" :: consumerId :: ""consumer"" :: ""logo_url"" :: Nil",APIMethods510.scala
v5_1_0,updateConsumerCertificate,PUT,/management/consumers/CONSUMER_ID/consumer/certificate,Update Consumer Certificate,Update a Certificate for a Consumer specified by CONSUMER_ID. ${consumerDisabledText()} CONSUMER_ID can be obtained after you register the application. Or use the endpoint 'Get Consumers' to get it ,Consumer,UpdateConsumerCertificate,CONSUMER_ID,createConsumerJSON,,UnknownError,"""management"" :: ""consumers"" :: consumerId :: ""consumer"" :: ""certificate"" :: Nil",APIMethods510.scala
v5_1_0,updateConsumerName,PUT,/management/consumers/CONSUMER_ID/consumer/name,Update Consumer Name,Update an existing name for a Consumer specified by CONSUMER_ID. ${consumerDisabledText()} CONSUMER_ID can be obtained after you register the application. Or use the endpoint 'Get Consumers' to get it ,Consumer,UpdateConsumerName,CONSUMER_ID,createConsumerJSON,,UnknownError,"""management"" :: ""consumers"" :: consumerId :: ""consumer"" :: ""name"" :: Nil",APIMethods510.scala
v5_1_0,getConsumer,GET,/management/consumers/CONSUMER_ID,Get Consumer,Get the Consumer specified by CONSUMER_ID. ,Consumer,GetConsumers,CONSUMER_ID,consumerJSON,,ConsumerNotFound; UnknownError,"""management"" :: ""consumers"" :: consumerId :: Nil",APIMethods510.scala
v5_1_0,getConsumers,GET,/management/consumers,Get Consumers,"Get the all Consumers. ${userAuthenticationMessage(true)} ${urlParametersDocument(true, true)} ",Consumer,GetConsumers,,,,UnknownError,"""management"" :: ""consumers"" :: Nil",APIMethods510.scala
v5_1_0,grantUserAccessToViewById,POST,/banks/BANK_ID/accounts/ACCOUNT_ID/views/VIEW_ID/account-access/grant,Grant User access to View,Grants the User identified by USER_ID access to the view identified. ${userAuthenticationMessage(true)} and the user needs to be account holder. ,Account; User; AccountAccess; View; OwnerRequired,,BANK_ID; ACCOUNT_ID; VIEW_ID,,,BankNotFound; BankAccountNotFound; UserNotFound; ViewNotFound; UnknownError; SystemViewNotFound,"""banks"" :: BankId(bankId) :: ""accounts"" :: AccountId(accountId) ::""views"":: ViewId(viewId):: ""account-access"" :: ""grant"" :: Nil",APIMethods510.scala
v5_1_0,revokeUserAccessToViewById,POST,/banks/BANK_ID/accounts/ACCOUNT_ID/views/VIEW_ID/account-access/revoke,Revoke User access to View,Revoke the User identified by USER_ID access to the view identified. ${userAuthenticationMessage(true)}. ,Account; User; AccountAccess; View; OwnerRequired,,BANK_ID; ACCOUNT_ID; VIEW_ID,,,BankNotFound; BankAccountNotFound; UserNotFound; ViewNotFound; UnknownError; SystemViewNotFound,"""banks"" :: BankId(bankId) :: ""accounts"" :: AccountId(accountId) :: ""views"" ::ViewId(viewId) :: ""account-access"" :: ""revoke"" :: Nil",APIMethods510.scala
v5_1_0,createUserWithAccountAccessById,POST,/banks/BANK_ID/accounts/ACCOUNT_ID/views/VIEW_ID/user-account-access,Create (DAuth) User with Account Access,"This endpoint is used as part of the DAuth solution to grant access to account and transaction data to a smart contract on the blockchain. Put the smart contract address in username For provider use ""dauth"" This endpoint will create the (DAuth) User with username and provider if the User does not already exist. ${userAuthenticationMessage(true)} and the logged in user needs to be account holder. For information about DAuth see below: ${Glossary.getGlossaryItem(""DAuth"")} ",Account; User; AccountAccess; DAuth; View; OwnerRequired,,BANK_ID; ACCOUNT_ID; VIEW_ID,,,,"""banks"" :: BankId(bankId) :: ""accounts"" :: AccountId(accountId) :: ""views"" ::ViewId(viewId) :: ""user-account-access"" :: Nil",APIMethods510.scala
v5_1_0,getTransactionRequestById,GET,/management/transaction-requests/TRANSACTION_REQUEST_ID,Get Transaction Request by ID.,Returns transaction request for transaction specified by TRANSACTION_REQUEST_ID. ,Psd2; PSD2PIS; TransactionRequest,GetTransactionRequestAtAnyBank,TRANSACTION_REQUEST_ID,transactionRequestWithChargeJSON210,transactionRequestWithChargeJSON210,UnknownError,"""management"" :: ""transaction-requests"" :: TransactionRequestId(requestId) :: Nil",APIMethods510.scala
v5_1_0,getTransactionRequests,GET,/banks/BANK_ID/accounts/ACCOUNT_ID/VIEW_ID/transaction-requests,Get Transaction Requests.,"Returns transaction requests for account specified by ACCOUNT_ID at bank specified by BANK_ID. The VIEW_ID specified must be 'owner' and the user must have access to this view. Version 2.0.0 now returns charge information. Transaction Requests serve to initiate transactions that may or may not proceed. They contain information including: * Transaction Request Id * Type * Status (INITIATED, COMPLETED) * Challenge (in order to confirm the request) * From Bank / Account * Details including Currency",,,BANK_ID; ACCOUNT_ID; VIEW_ID,transactionRequestWithChargeJSONs210,transactionRequestWithChargeJSONs210,BankNotFound; BankAccountNotFound; UnknownError,"""banks"" :: BankId(bankId) :: ""accounts"" :: AccountId(accountId) :: ViewId(viewId) :: ""transaction-requests"" :: Nil",APIMethods510.scala
v5_1_0,updateTransactionRequestStatus,PUT,/management/transaction-requests/TRANSACTION_REQUEST_ID,Update Transaction Request Status,Update Transaction Request Status ${userAuthenticationMessage(true)} ,TransactionRequest,UpdateTransactionRequestStatusAtAnyBank,TRANSACTION_REQUEST_ID,,,BankNotFound; BankAccountNotFound; UnknownError,"""management"" :: ""transaction-requests"" :: TransactionRequestId(transactionRequestId) :: Nil",APIMethods510.scala
v5_1_0,getAccountAccessByUserId,GET,/users/USER_ID/account-access,Get Account Access by USER_ID,Get Account Access by USER_ID ${userAuthenticationMessage(true)} ,Account,SeeAccountAccessForAnyUser,USER_ID,,,UserNotFound; UnknownError,"""users"" :: userId :: ""account-access"" :: Nil",APIMethods510.scala
v5_1_0,getApiTags,GET,/tags,Get API Tags,Get API TagsGet API Tags ${userAuthenticationMessage(false)} ,Api,,,,,UnknownError,"case ""tags"" ::  Nil JsonGet",APIMethods510.scala
v5_1_0,getCoreAccountByIdThroughView,GET,/banks/BANK_ID/accounts/ACCOUNT_ID/views/VIEW_ID,Get Account by Id (Core) through the VIEW_ID,Information returned about the account through VIEW_ID : ,,,BANK_ID; ACCOUNT_ID; VIEW_ID,,,,"""banks"" :: BankId(bankId) :: ""accounts"" :: AccountId(accountId) :: ""views"" :: ViewId(viewId) :: Nil",APIMethods510.scala
v5_1_0,getBankAccountBalances,GET,/banks/BANK_ID/accounts/ACCOUNT_ID/views/VIEW_ID/balances,Get Account Balances by BANK_ID and ACCOUNT_ID through the VIEW_ID,Get the Balances for the Account specified by BANK_ID and ACCOUNT_ID through the VIEW_ID.,,,BANK_ID; ACCOUNT_ID; VIEW_ID,,,,"""banks"" :: BankId(bankId) :: ""accounts"" :: AccountId(accountId)  :: ""views"" :: ViewId(viewId) :: ""balances"" :: Nil",APIMethods510.scala
v5_1_0,getBankAccountsBalances,GET,/banks/BANK_ID/balances,Get Account Balances by BANK_ID,Get the Balances for the Account specified by BANK_ID.,,,BANK_ID,,,,"""banks"" :: BankId(bankId) :: ""balances"" :: Nil",APIMethods510.scala
v5_1_0,getBankAccountsBalancesThroughView,GET,/banks/BANK_ID/views/VIEW_ID/balances,Get Account Balances by BANK_ID through the VIEW_ID,Get the Balances for the Account specified by BANK_ID.,,,BANK_ID; VIEW_ID,,,,"""banks"" :: BankId(bankId) :: ""views"" :: ViewId(viewId) :: ""balances"" :: Nil",APIMethods510.scala
v5_1_0,createCounterpartyLimit,POST,/banks/BANK_ID/accounts/ACCOUNT_ID/views/VIEW_ID/counterparties/COUNTERPARTY_ID/limits,Create Counterparty Limit,"Create limits (for single or recurring payments) for a counterparty specified by the COUNTERPARTY_ID. Using this endpoint, we can attach a limit record to a Counterparty referenced by its counterparty_id (a UUID). For more information on Counterparty Limits, see ${Glossary.getGlossaryItemLink(""Counterparty-Limits"")} For an introduction to Counterparties in OBP, see ${Glossary.getGlossaryItemLink(""Counterparties"")} You can automate the process of creating counterparty limits and consents for VRP ",,,BANK_ID; COUNTERPARTY_ID; ACCOUNT_ID; VIEW_ID,,,BankNotFound; BankAccountNotFound; CounterpartyNotFound; UnknownError,"""banks"" :: BankId(bankId) :: ""accounts"" :: AccountId(accountId) :: ""views"" :: ViewId(viewId) ::""counterparties"" :: CounterpartyId(counterpartyId) ::""limits"" :: Nil",APIMethods510.scala
v5_1_0,updateCounterpartyLimit,PUT,/banks/BANK_ID/accounts/ACCOUNT_ID/views/VIEW_ID/counterparties/COUNTERPARTY_ID/limits,Update Counterparty Limit,Update Counterparty Limit.,,,BANK_ID; COUNTERPARTY_ID; ACCOUNT_ID; VIEW_ID,,,BankNotFound; BankAccountNotFound; CounterpartyNotFound; UnknownError,"""banks"" :: BankId(bankId) :: ""accounts"" :: AccountId(accountId) :: ""views"" :: ViewId(viewId) ::""counterparties"" :: CounterpartyId(counterpartyId) ::""limits"" :: Nil",APIMethods510.scala
v5_1_0,getCounterpartyLimit,GET,/banks/BANK_ID/accounts/ACCOUNT_ID/views/VIEW_ID/counterparties/COUNTERPARTY_ID/limits,Get Counterparty Limit,Get Counterparty Limit.,,,BANK_ID; COUNTERPARTY_ID; ACCOUNT_ID; VIEW_ID,,,BankNotFound; BankAccountNotFound; CounterpartyNotFound; UnknownError,"""banks"" :: BankId(bankId) :: ""accounts"" :: AccountId(accountId) :: ""views"" :: ViewId(viewId) ::""counterparties"" :: CounterpartyId(counterpartyId) ::""limits"" :: Nil",APIMethods510.scala
v5_1_0,getCounterpartyLimitStatus,GET,/banks/BANK_ID/accounts/ACCOUNT_ID/views/VIEW_ID/counterparties/COUNTERPARTY_ID/limit-status,Get Counterparty Limit Status,Get Counterparty Limit Status.,,,BANK_ID; COUNTERPARTY_ID; ACCOUNT_ID; VIEW_ID,,,BankNotFound; BankAccountNotFound; CounterpartyNotFound; UnknownError,"""banks"" :: BankId(bankId) :: ""accounts"" :: AccountId(accountId) :: ""views"" :: ViewId(viewId) ::""counterparties"" :: CounterpartyId(counterpartyId) ::""limit-status"" :: Nil",APIMethods510.scala
v5_1_0,deleteCounterpartyLimit,DELETE,/banks/BANK_ID/accounts/ACCOUNT_ID/views/VIEW_ID/counterparties/COUNTERPARTY_ID/limits,Delete Counterparty Limit,Delete Counterparty Limit.,,,BANK_ID; COUNTERPARTY_ID; ACCOUNT_ID; VIEW_ID,,,BankNotFound; BankAccountNotFound; CounterpartyNotFound; UnknownError,"""banks"" :: BankId(bankId) :: ""accounts"" :: AccountId(accountId) :: ""views"" :: ViewId(viewId) ::""counterparties"" :: CounterpartyId(counterpartyId) ::""limits"" :: Nil",APIMethods510.scala
v5_1_0,createCustomView,POST,/banks/BANK_ID/accounts/ACCOUNT_ID/views/VIEW_ID/target-views,Create Custom View,Create a custom view on bank account ${userAuthenticationMessage(true)} and the user needs to have access to the owner view. The 'alias' field in the JSON can take one of three values: * _public_: to use the public alias if there is one specified for the other account. * _private_: to use the private alias if there is one specified for the other account. * _''(empty string)_: to use no alias; the view shows the real name of the other account. The 'hide_metadata_if_alias_used' field in the JSON c,,,BANK_ID; ACCOUNT_ID; VIEW_ID,,,BankNotFound; BankAccountNotFound; UnknownError,"""banks"" :: BankId(bankId) :: ""accounts"" :: AccountId(accountId) :: ""views"" :: ViewId(viewId) ::""target-views"" :: Nil",APIMethods510.scala
v5_1_0,updateCustomView,PUT,/banks/BANK_ID/accounts/ACCOUNT_ID/views/VIEW_ID/target-views/TARGET_VIEW_ID,Update Custom View,"Update an existing custom view on a bank account ${userAuthenticationMessage(true)} and the user needs to have access to the owner view. The json sent is the same as during view creation (above), with one difference: the 'name' field of a view is not editable (it is only set when a view is created)",Account; View,,BANK_ID; ACCOUNT_ID; VIEW_ID; TARGET_VIEW_ID,,,BankNotFound; BankAccountNotFound; UnknownError,"""banks"" :: BankId(bankId) :: ""accounts"" :: AccountId(accountId) :: ""views"" :: ViewId(viewId) :: ""target-views"" :: ViewId(targetViewId) :: Nil",APIMethods510.scala
v5_1_0,getCustomView,GET,/banks/BANK_ID/accounts/ACCOUNT_ID/views/VIEW_ID/target-views/TARGET_VIEW_ID,Get Custom View,"#Views Views in Open Bank Project provide a mechanism for fine grained access control and delegation to Accounts and Transactions. Account holders use the 'owner' view by default. Delegated access is made through other views for example 'accountants', 'share-holders' or 'tagging-application'. Views can be created via the API and each view has a list of entitlements. Views on accounts and transactions filter the underlying data to redact certain fields for certain users. For instance the balance ",,,BANK_ID; ACCOUNT_ID; VIEW_ID; TARGET_VIEW_ID,,,,N/A,APIMethods510.scala
v5_1_0,deleteCustomView,DELETE,/banks/BANK_ID/accounts/ACCOUNT_ID/views/VIEW_ID/target-views/TARGET_VIEW_ID,Delete Custom View,Deletes the custom view specified by VIEW_ID on the bank account specified by ACCOUNT_ID at bank BANK_ID,Account; View,,BANK_ID; ACCOUNT_ID; VIEW_ID; TARGET_VIEW_ID,,,BankNotFound; BankAccountNotFound; UnknownError,"""banks"" :: BankId(bankId) :: ""accounts"" :: AccountId(accountId ) :: ""views"" :: ViewId(viewId) :: ""target-views"" :: ViewId(targetViewId) :: Nil",APIMethods510.scala
v5_1_0,createVRPConsentRequest,POST,/consumer/vrp-consent-requests,Create Consent Request VRP," This endpoint is used to begin the process of creating a consent that may be used for Variable Recurring Payments (VRPs). VRPs are useful in situations when a beneficiary needs to be paid different amounts on a regular basis. Once granted, the consent allows its holder to initiate multiple Transaction Requests to the Counterparty defined in this endpoint as long as the Counterparty Limits linked to this particular consent are respected. Client, Consumer or Application Authentication is mandator",,,,,,,"""consumer"" :: ""vrp-consent-requests"" :: Nil",APIMethods510.scala
v5_1_0,createRegulatedEntityAttribute,POST,/regulated-entities/REGULATED_ENTITY_ID/attributes,Create Regulated Entity Attribute," Create a new Regulated Entity Attribute for a given REGULATED_ENTITY_ID. The type field must be one of ""STRING"", ""INTEGER"", ""DOUBLE"" or ""DATE_WITH_DAY"". ${userAuthenticationMessage(true)} ",Api; Directory,CreateRegulatedEntityAttribute,REGULATED_ENTITY_ID,,,UnknownError,"""regulated-entities"" :: entityId :: ""attributes"" :: Nil",APIMethods510.scala
v5_1_0,deleteRegulatedEntityAttribute,DELETE,/regulated-entities/REGULATED_ENTITY_ID/attributes/REGULATED_ENTITY_ATTRIBUTE_ID,Delete Regulated Entity Attribute, Delete a Regulated Entity Attribute specified by REGULATED_ENTITY_ATTRIBUTE_ID. ${userAuthenticationMessage(true)} ,Api; Directory,DeleteRegulatedEntityAttribute,REGULATED_ENTITY_ID; REGULATED_ENTITY_ATTRIBUTE_ID,,,UnknownError,"""regulated-entities"" :: entityId :: ""attributes"" :: attributeId :: Nil",APIMethods510.scala
v5_1_0,getRegulatedEntityAttributeById,GET,/regulated-entities/REGULATED_ENTITY_ID/attributes/REGULATED_ENTITY_ATTRIBUTE_ID,Get Regulated Entity Attribute By ID, Get a specific Regulated Entity Attribute by its REGULATED_ENTITY_ATTRIBUTE_ID. ${userAuthenticationMessage(true)} ,Api; Directory,GetRegulatedEntityAttribute,REGULATED_ENTITY_ID; REGULATED_ENTITY_ATTRIBUTE_ID,,,UnknownError,"""regulated-entities"" :: entityId :: ""attributes"" :: attributeId :: Nil",APIMethods510.scala
v5_1_0,getAllRegulatedEntityAttributes,GET,/regulated-entities/REGULATED_ENTITY_ID/attributes,Get All Regulated Entity Attributes, Get all attributes for the specified Regulated Entity. ${userAuthenticationMessage(true)} ,Api; Directory,GetRegulatedEntityAttributes,REGULATED_ENTITY_ID,,,UnknownError,"""regulated-entities"" :: RegulatedEntityId(entityId) :: ""attributes"" :: Nil",APIMethods510.scala
v5_1_0,updateRegulatedEntityAttribute,PUT,/regulated-entities/REGULATED_ENTITY_ID/attributes/REGULATED_ENTITY_ATTRIBUTE_ID,Update Regulated Entity Attribute, Update an existing Regulated Entity Attribute specified by ATTRIBUTE_ID. ${userAuthenticationMessage(true)} ,Api; Directory,UpdateRegulatedEntityAttribute,REGULATED_ENTITY_ID; REGULATED_ENTITY_ATTRIBUTE_ID,,,UnknownError,"""regulated-entities"" :: entityId :: ""attributes"" :: attributeId :: Nil",APIMethods510.scala
v5_1_0,createBankAccountBalance,POST,/banks/BANK_ID/accounts/ACCOUNT_ID/balances,Create Bank Account Balance,Create a new Balance for a Bank Account. ${userAuthenticationMessage(true)} ,Account; Balance,CreateBankAccountBalance,BANK_ID; ACCOUNT_ID,,,UnknownError,"""banks"" :: BankId(bankId):: ""accounts"" :: AccountId(accountId) :: ""balances"" :: Nil",APIMethods510.scala
v5_1_0,getBankAccountBalanceById,GET,/banks/BANK_ID/accounts/ACCOUNT_ID/balances/BALANCE_ID,Get Bank Account Balance By ID,Get a specific Bank Account Balance by its BALANCE_ID. ${userAuthenticationMessage(true)} ,Account; Balance,,BANK_ID; BALANCE_ID; ACCOUNT_ID,,,UnknownError,"""banks"" :: BankId(bankId):: ""accounts"" :: AccountId(accountId) :: ""balances"" :: BalanceId(balanceId) :: Nil",APIMethods510.scala
v5_1_0,getAllBankAccountBalances,GET,/banks/BANK_ID/accounts/ACCOUNT_ID/balances,Get All Bank Account Balances,Get all Balances for a Bank Account. ${userAuthenticationMessage(true)} ,Account; Balance,,BANK_ID; ACCOUNT_ID,,,UnknownError,"""banks"" :: BankId(bankId):: ""accounts"" :: AccountId(accountId) :: ""balances"" :: Nil",APIMethods510.scala
v5_1_0,updateBankAccountBalance,PUT,/banks/BANK_ID/accounts/ACCOUNT_ID/balances/BALANCE_ID,Update Bank Account Balance,Update an existing Bank Account Balance specified by BALANCE_ID. ${userAuthenticationMessage(true)} ,Account; Balance,UpdateBankAccountBalance,BANK_ID; BALANCE_ID; ACCOUNT_ID,,,UnknownError,"""banks"" :: BankId(bankId):: ""accounts"" :: AccountId(accountId) :: ""balances"" :: BalanceId(balanceId) :: Nil",APIMethods510.scala
v5_1_0,deleteBankAccountBalance,DELETE,/banks/BANK_ID/accounts/ACCOUNT_ID/balances/BALANCE_ID,Delete Bank Account Balance,Delete a Bank Account Balance specified by BALANCE_ID. ${userAuthenticationMessage(true)} ,Account; Balance,DeleteBankAccountBalance,BANK_ID; BALANCE_ID; ACCOUNT_ID,,,UnknownError,"""banks"" :: BankId(bankId):: ""accounts"" :: AccountId(accountId) :: ""balances"" :: BalanceId(balanceId) :: Nil",APIMethods510.scala
v5_1_0,getWebUiProps,GET,/webui-props,Get WebUiProps," Get the all WebUiProps key values, those props key with ""webui_"" can be stored in DB, this endpoint get all from DB. url query parameter: active: It must be a boolean string. and If active = true, it will show combination of explicit (inserted) + implicit (default) method_routings. eg: ${getObpApiRoot}/v5.1.0/webui-props ${getObpApiRoot}/v5.1.0/webui-props?active=true ",,,,,,,N/A,APIMethods510.scala
v5_1_0,addSystemViewPermission,POST,/system-views/VIEW_ID/permissions,Add Permission to a System View,Add Permission to a System View.,SystemView,CreateSystemViewPermission,VIEW_ID,entitlementJSON,,UnknownError,"""system-views"" :: ViewId(viewId) :: ""permissions"" :: Nil",APIMethods510.scala
v5_1_0,deleteSystemViewPermission,DELETE,/system-views/VIEW_ID/permissions/PERMISSION_NAME,Delete Permission to a System View,Delete Permission to a System View,SystemView,DeleteSystemViewPermission,PERMISSION_NAME; VIEW_ID,,,UnknownError,"""system-views"" :: ViewId(viewId) :: ""permissions"" :: permissionName :: Nil",APIMethods510.scala
UK Open Banking (v2_0_0),getAccountList,GET,/accounts,UK Open Banking: Get Account List," Reads a list of bank accounts, with balances where required. It is assumed that a consent of the PSU to this access is already given and stored on the ASPSP system. ${userAuthenticationMessage(true)} This call is work in progress - Experimental! ",UKOpenBanking; Account; PrivateData,,,SwaggerDefinitionsJSON,,UnknownError,"case ""accounts"" :: Nil JsonGet",APIMethods_UKOpenBanking_200.scala
UK Open Banking (v2_0_0),getAccountTransactions,GET,/accounts/ACCOUNT_ID/transactions,UK Open Banking: Get Account Transactions, Reads account data from a given account addressed by “account-id”. ${userAuthenticationMessage(true)} This call is work in progress - Experimental! ,Psd2; UKOpenBanking; Transaction; PrivateData,,ACCOUNT_ID,SwaggerDefinitionsJSON,,UnknownError,"""accounts"" :: AccountId(accountId) :: ""transactions"" :: Nil",APIMethods_UKOpenBanking_200.scala
UK Open Banking (v2_0_0),getAccount,GET,/accounts/ACCOUNT_ID,UK Open Banking: Get Account," Reads a bank account, with balances where required. It is assumed that a consent of the PSU to this access is already given and stored on the ASPSP system. ${userAuthenticationMessage(true)} This call is work in progress - Experimental! ",UKOpenBanking; Account; PrivateData,,ACCOUNT_ID,SwaggerDefinitionsJSON,,UnknownError,"""accounts"" :: AccountId(accountId) :: Nil",APIMethods_UKOpenBanking_200.scala
UK Open Banking (v2_0_0),getAccountBalances,GET,/accounts/ACCOUNT_ID/balances,UK Open Banking: Get Account Balances, An AISP may retrieve the account balance information resource for a specific AccountId (which is retrieved in the call to GET /accounts). ${userAuthenticationMessage(true)} This call is work in progress - Experimental! ,UKOpenBanking; Account; PrivateData,,ACCOUNT_ID,SwaggerDefinitionsJSON,,UnknownError,"""accounts"" :: AccountId(accountId) :: ""balances"" :: Nil",APIMethods_UKOpenBanking_200.scala
UK Open Banking (v2_0_0),getBalances,GET,/balances,UK Open Banking: Get Balances, If an ASPSP has implemented the bulk retrieval endpoints - an AISP may optionally retrieve the account information resources in bulk. This will retrieve the resources for all authorised accounts linked to the account-request. ${userAuthenticationMessage(true)} This call is work in progress - Experimental! ,UKOpenBanking; Account; PrivateData,,,SwaggerDefinitionsJSON,,UnknownError,"case ""balances"" :: Nil JsonGet",APIMethods_UKOpenBanking_200.scala
UK Open Banking (v3_1_0),getAccountsAccountIdScheduledPayments,GET,/accounts/ACCOUNTID/scheduled-payments,Get Scheduled Payments,${mockedDataText(true)},,,ACCOUNTID,,,,"""accounts"" :: accountid:: ""scheduled-payments"" :: Nil",ScheduledPaymentsApi.scala
UK Open Banking (v3_1_0),getScheduledPayments,GET,/scheduled-payments,Get Scheduled Payments,${mockedDataText(true)},,,,,,,"case ""scheduled-payments"" :: Nil JsonGet",ScheduledPaymentsApi.scala
UK Open Banking (v3_1_0),getAccountsAccountIdParty,GET,/accounts/ACCOUNTID/party,Get Party,${mockedDataText(true)},,,ACCOUNTID,,,,"""accounts"" :: accountid:: ""party"" :: Nil",PartysApi.scala
UK Open Banking (v3_1_0),getParty,GET,/party,Get Party,${mockedDataText(true)},,,,,,,"case ""party"" :: Nil JsonGet",PartysApi.scala
UK Open Banking (v3_1_0),getAccountsAccountIdProduct,GET,/accounts/ACCOUNTID/product,Get Products,${mockedDataText(true)},,,ACCOUNTID,,,,"""accounts"" :: accountid:: ""product"" :: Nil",ProductsApi.scala
UK Open Banking (v3_1_0),getProducts,GET,/products,Get Products,${mockedDataText(true)},,,,,,,"case ""products"" :: Nil JsonGet",ProductsApi.scala
UK Open Banking (v3_1_0),getAccounts,GET,/accounts,Get Accounts,,,,,,,,"case ""accounts"" :: Nil JsonGet",AccountsApi.scala
UK Open Banking (v3_1_0),getAccountsAccountId,GET,/accounts/ACCOUNT_ID,Get Accounts,,,,ACCOUNT_ID,,,,"""accounts"" :: AccountId(accountId) :: Nil",AccountsApi.scala
UK Open Banking (v3_1_0),createFilePaymentConsents,POST,/file-payment-consents,Create File Payment Consents,${mockedDataText(true)},,,,,,,"case ""file-payment-consents"" :: Nil JsonPost",FilePaymentsApi.scala
UK Open Banking (v3_1_0),createFilePaymentConsentsConsentIdFile,POST,/file-payment-consents/CONSENTID/file,Create File Payment Consents,${mockedDataText(true)},,,CONSENTID,,,,"""file-payment-consents"" :: consentid:: ""file"" :: Nil",FilePaymentsApi.scala
UK Open Banking (v3_1_0),createFilePayments,POST,/file-payments,Create File Payments,${mockedDataText(true)},,,,,,,"case ""file-payments"" :: Nil JsonPost",FilePaymentsApi.scala
UK Open Banking (v3_1_0),getFilePaymentConsentsConsentId,GET,/file-payment-consents/CONSENTID,Get File Payment Consents,${mockedDataText(true)},,,CONSENTID,,,,"""file-payment-consents"" :: consentid :: Nil",FilePaymentsApi.scala
UK Open Banking (v3_1_0),getFilePaymentConsentsConsentIdFile,GET,/file-payment-consents/CONSENTID/file,Get File Payment Consents,${mockedDataText(true)},,,CONSENTID,,,,"""file-payment-consents"" :: consentid:: ""file"" :: Nil",FilePaymentsApi.scala
UK Open Banking (v3_1_0),getFilePaymentsFilePaymentId,GET,/file-payments/FILEPAYMENTID,Get File Payments,${mockedDataText(true)},,,FILEPAYMENTID,,,,"""file-payments"" :: filepaymentid :: Nil",FilePaymentsApi.scala
UK Open Banking (v3_1_0),getFilePaymentsFilePaymentIdReportFile,GET,/file-payments/FILEPAYMENTID/report-file,Get File Payments,${mockedDataText(true)},,,FILEPAYMENTID,,,,"""file-payments"" :: filepaymentid:: ""report-file"" :: Nil",FilePaymentsApi.scala
UK Open Banking (v3_1_0),createFundsConfirmationConsents,POST,/funds-confirmation-consents,Create Funds Confirmation Consent,${mockedDataText(true)},,,,,,,"case ""funds-confirmation-consents"" :: Nil JsonPost",FundsConfirmationsApi.scala
UK Open Banking (v3_1_0),createFundsConfirmations,POST,/funds-confirmations,Create Funds Confirmation,${mockedDataText(true)},,,,,,,"case ""funds-confirmations"" :: Nil JsonPost",FundsConfirmationsApi.scala
UK Open Banking (v3_1_0),deleteFundsConfirmationConsentsConsentId,DELETE,/funds-confirmation-consents/CONSENTID,Delete Funds Confirmation Consent,${mockedDataText(true)},,,CONSENTID,,,UnknownError,"""funds-confirmation-consents"" :: consentid :: Nil",FundsConfirmationsApi.scala
UK Open Banking (v3_1_0),getFundsConfirmationConsentsConsentId,GET,/funds-confirmation-consents/CONSENTID,Get Funds Confirmation Consent,${mockedDataText(true)},,,CONSENTID,,,,"""funds-confirmation-consents"" :: consentid :: Nil",FundsConfirmationsApi.scala
UK Open Banking (v3_1_0),getAccountsAccountIdStatementsStatementIdTransactions,GET,/accounts/ACCOUNTID/statements/STATEMENTID/transactions,Get Transactions,${mockedDataText(true)},,,ACCOUNTID; STATEMENTID,,,,N/A,TransactionsApi.scala; StatementsApi.scala
UK Open Banking (v3_1_0),getAccountsAccountIdTransactions,GET,/accounts/ACCOUNT_ID/transactions,Get Transactions,,,,ACCOUNT_ID,,,,N/A,TransactionsApi.scala
UK Open Banking (v3_1_0),getTransactions,GET,/transactions,Get Transactions,,,,,,,,N/A,TransactionsApi.scala
UK Open Banking (v3_1_0),getAccountsAccountIdBalances,GET,/accounts/ACCOUNT_ID/balances,Get Balances,,,,ACCOUNT_ID,,,,"""accounts"" :: AccountId(accountId):: ""balances"" :: Nil",BalancesApi.scala
UK Open Banking (v3_1_0),getBalances,GET,/balances,Get Balances,,,,,,,,"case ""balances"" :: Nil JsonGet",BalancesApi.scala
UK Open Banking (v3_1_0),getAccountsAccountIdBeneficiaries,GET,/accounts/ACCOUNTID/beneficiaries,Get Beneficiaries,${mockedDataText(true)},,,ACCOUNTID,,,,"""accounts"" :: accountid:: ""beneficiaries"" :: Nil",BeneficiariesApi.scala
UK Open Banking (v3_1_0),getBeneficiaries,GET,/beneficiaries,Get Beneficiaries,${mockedDataText(true)},,,,,,,"case ""beneficiaries"" :: Nil JsonGet",BeneficiariesApi.scala
UK Open Banking (v3_1_0),createDomesticScheduledPaymentConsents,POST,/domestic-scheduled-payment-consents,Create Domestic Scheduled Payment Consents,${mockedDataText(true)},,,,,,,"case ""domestic-scheduled-payment-consents"" :: Nil JsonPost",DomesticScheduledPaymentsApi.scala
UK Open Banking (v3_1_0),createDomesticScheduledPayments,POST,/domestic-scheduled-payments,Create Domestic Scheduled Payments,${mockedDataText(true)},,,,,,,"case ""domestic-scheduled-payments"" :: Nil JsonPost",DomesticScheduledPaymentsApi.scala
UK Open Banking (v3_1_0),getDomesticScheduledPaymentConsentsConsentId,GET,/domestic-scheduled-payment-consents/CONSENTID,Get Domestic Scheduled Payment Consents,${mockedDataText(true)},,,CONSENTID,,,,"""domestic-scheduled-payment-consents"" :: consentid :: Nil",DomesticScheduledPaymentsApi.scala
UK Open Banking (v3_1_0),getDomesticScheduledPaymentsDomesticScheduledPaymentId,GET,/domestic-scheduled-payments/DOMESTICSCHEDULEDPAYMENTID,Get Domestic Scheduled Payments,${mockedDataText(true)},,,DOMESTICSCHEDULEDPAYMENTID,,,,"""domestic-scheduled-payments"" :: domesticscheduledpaymentid :: Nil",DomesticScheduledPaymentsApi.scala
UK Open Banking (v3_1_0),createAccountAccessConsents,POST,/account-access-consents,Create Account Access Consents,${mockedDataText(false)} Create Account Access Consents ,,,,,,,"case ""account-access-consents"" :: Nil JsonPost",AccountAccessApi.scala
UK Open Banking (v3_1_0),deleteAccountAccessConsentsConsentId,DELETE,/account-access-consents/CONSENT_ID,Delete Account Access Consents,${mockedDataText(false)} Delete Account Access Consents ,,,CONSENT_ID,,,,"""account-access-consents"" :: consentId :: Nil",AccountAccessApi.scala
UK Open Banking (v3_1_0),getAccountAccessConsentsConsentId,GET,/account-access-consents/CONSENT_ID,Get Account Access Consents, ${mockedDataText(false)} Get Account Access Consents ,,,CONSENT_ID,,,,"""account-access-consents"" :: consentId :: Nil",AccountAccessApi.scala
UK Open Banking (v3_1_0),createDomesticPaymentConsents,POST,/domestic-payment-consents,Create Domestic Payment Consents,${mockedDataText(true)},,,,,,,"case ""domestic-payment-consents"" :: Nil JsonPost",DomesticPaymentsApi.scala
UK Open Banking (v3_1_0),createDomesticPayments,POST,/domestic-payments,Create Domestic Payments,${mockedDataText(true)},,,,,,,"case ""domestic-payments"" :: Nil JsonPost",DomesticPaymentsApi.scala
UK Open Banking (v3_1_0),getDomesticPaymentConsentsConsentId,GET,/domestic-payment-consents/CONSENTID,Get Domestic Payment Consents,${mockedDataText(true)},,,CONSENTID,,,,"""domestic-payment-consents"" :: consentid :: Nil",DomesticPaymentsApi.scala
UK Open Banking (v3_1_0),getDomesticPaymentConsentsConsentIdFundsConfirmation,GET,/domestic-payment-consents/CONSENTID/funds-confirmation,Get Domestic Payment Consents Funds Confirmation,${mockedDataText(true)},,,CONSENTID,,,,"""domestic-payment-consents"" :: consentid:: ""funds-confirmation"" :: Nil",DomesticPaymentsApi.scala
UK Open Banking (v3_1_0),getDomesticPaymentsDomesticPaymentId,GET,/domestic-payments/DOMESTICPAYMENTID,Get Domestic Payments,${mockedDataText(true)},,,DOMESTICPAYMENTID,,,,"""domestic-payments"" :: domesticpaymentid :: Nil",DomesticPaymentsApi.scala
UK Open Banking (v3_1_0),getAccountsAccountIdDirectDebits,GET,/accounts/ACCOUNTID/direct-debits,Get Direct Debits,${mockedDataText(true)},,,ACCOUNTID,,,,"""accounts"" :: accountid:: ""direct-debits"" :: Nil",DirectDebitsApi.scala
UK Open Banking (v3_1_0),getDirectDebits,GET,/direct-debits,Get Direct Debits,${mockedDataText(true)},,,,,,,"case ""direct-debits"" :: Nil JsonGet",DirectDebitsApi.scala
UK Open Banking (v3_1_0),createDomesticStandingOrderConsents,POST,/domestic-standing-order-consents,Create Domestic Standing Order Consents,${mockedDataText(true)},,,,,,,"case ""domestic-standing-order-consents"" :: Nil JsonPost",DomesticStandingOrdersApi.scala
UK Open Banking (v3_1_0),createDomesticStandingOrders,POST,/domestic-standing-orders,Create Domestic Standing Orders,${mockedDataText(true)},,,,,,,"case ""domestic-standing-orders"" :: Nil JsonPost",DomesticStandingOrdersApi.scala
UK Open Banking (v3_1_0),getDomesticStandingOrderConsentsConsentId,GET,/domestic-standing-order-consents/CONSENTID,Get Domestic Standing Order Consents,${mockedDataText(true)},,,CONSENTID,,,,"""domestic-standing-order-consents"" :: consentid :: Nil",DomesticStandingOrdersApi.scala
UK Open Banking (v3_1_0),getDomesticStandingOrdersDomesticStandingOrderId,GET,/domestic-standing-orders/DOMESTICSTANDINGORDERID,Get Domestic Standing Orders,${mockedDataText(true)},,,DOMESTICSTANDINGORDERID,,,,"""domestic-standing-orders"" :: domesticstandingorderid :: Nil",DomesticStandingOrdersApi.scala
UK Open Banking (v3_1_0),getAccountsAccountIdOffers,GET,/accounts/ACCOUNTID/offers,Get Offers,${mockedDataText(true)},,,ACCOUNTID,,,,"""accounts"" :: accountid:: ""offers"" :: Nil",OffersApi.scala
UK Open Banking (v3_1_0),getOffers,GET,/offers,Get Offers,${mockedDataText(true)},,,,,,,"case ""offers"" :: Nil JsonGet",OffersApi.scala
UK Open Banking (v3_1_0),createInternationalStandingOrderConsents,POST,/international-standing-order-consents,Create International Standing Order Consents,${mockedDataText(true)},,,,,,,"case ""international-standing-order-consents"" :: Nil JsonPost",InternationalStandingOrdersApi.scala
UK Open Banking (v3_1_0),createInternationalStandingOrders,POST,/international-standing-orders,Create International Standing Orders,${mockedDataText(true)},,,,,,,"case ""international-standing-orders"" :: Nil JsonPost",InternationalStandingOrdersApi.scala
UK Open Banking (v3_1_0),getInternationalStandingOrderConsentsConsentId,GET,/international-standing-order-consents/CONSENTID,Get International Standing Order Consents,${mockedDataText(true)},,,CONSENTID,,,,"""international-standing-order-consents"" :: consentid :: Nil",InternationalStandingOrdersApi.scala
UK Open Banking (v3_1_0),getInternationalStandingOrdersInternationalStandingOrderPaymentId,GET,/international-standing-orders/INTERNATIONALSTANDINGORDERPAYMENTID,Get International Standing Orders,${mockedDataText(true)},,,INTERNATIONALSTANDINGORDERPAYMENTID,,,,"""international-standing-orders"" :: internationalstandingorderpaymentid :: Nil",InternationalStandingOrdersApi.scala
UK Open Banking (v3_1_0),createInternationalScheduledPaymentConsents,POST,/international-scheduled-payment-consents,Create International Scheduled Payment Consents,${mockedDataText(true)},,,,,,,N/A,InternationalScheduledPaymentsApi.scala
UK Open Banking (v3_1_0),createInternationalScheduledPayments,POST,/international-scheduled-payments,Create International Scheduled Payments,${mockedDataText(true)},,,,,,,N/A,InternationalScheduledPaymentsApi.scala
UK Open Banking (v3_1_0),getInternationalScheduledPaymentConsentsConsentId,GET,/international-scheduled-payment-consents/CONSENTID,Get International Scheduled Payment Consents,${mockedDataText(true)},,,CONSENTID,,,,N/A,InternationalScheduledPaymentsApi.scala
UK Open Banking (v3_1_0),getInternationalScheduledPaymentConsentsConsentIdFundsConfirmation,GET,/international-scheduled-payment-consents/CONSENTID/funds-confirmation,Get International Scheduled Payment Consents Funds Confirmation,${mockedDataText(true)},,,CONSENTID,,,,"""international-scheduled-payment-consents"" :: consentid:: ""funds-confirmation"" :: Nil",InternationalScheduledPaymentsApi.scala
UK Open Banking (v3_1_0),getInternationalScheduledPaymentsInternationalScheduledPaymentId,GET,/international-scheduled-payments/INTERNATIONALSCHEDULEDPAYMENTID,Get International Scheduled Payments,${mockedDataText(true)},,,INTERNATIONALSCHEDULEDPAYMENTID,,,,N/A,InternationalScheduledPaymentsApi.scala
UK Open Banking (v3_1_0),getAccountsAccountIdStandingOrders,GET,/accounts/ACCOUNTID/standing-orders,Get Standing Orders,${mockedDataText(true)},,,ACCOUNTID,,,,"""accounts"" :: accountid:: ""standing-orders"" :: Nil",StandingOrdersApi.scala
UK Open Banking (v3_1_0),getStandingOrders,GET,/standing-orders,Get Standing Orders,${mockedDataText(true)},,,,,,,"case ""standing-orders"" :: Nil JsonGet",StandingOrdersApi.scala
UK Open Banking (v3_1_0),getAccountsAccountIdStatements,GET,/accounts/ACCOUNTID/statements,Get Statements,${mockedDataText(true)},,,ACCOUNTID,,,,N/A,StatementsApi.scala
UK Open Banking (v3_1_0),getAccountsAccountIdStatementsStatementId,GET,/accounts/ACCOUNTID/statements/STATEMENTID,Get Statements,${mockedDataText(true)},,,ACCOUNTID; STATEMENTID,,,,N/A,StatementsApi.scala
UK Open Banking (v3_1_0),getAccountsAccountIdStatementsStatementIdFile,GET,/accounts/ACCOUNTID/statements/STATEMENTID/file,Get Statements,${mockedDataText(true)},,,ACCOUNTID; STATEMENTID,,,,"""accounts"" :: accountid:: ""statements"" :: statementid:: ""file"" :: Nil",StatementsApi.scala
UK Open Banking (v3_1_0),getStatements,GET,/statements,Get Statements,${mockedDataText(true)},,,,,,,N/A,StatementsApi.scala
UK Open Banking (v3_1_0),createInternationalPaymentConsents,POST,/international-payment-consents,Create International Payment Consents,${mockedDataText(true)},,,,,,,N/A,InternationalPaymentsApi.scala
UK Open Banking (v3_1_0),createInternationalPayments,POST,/international-payments,Create International Payments,${mockedDataText(true)},,,,,,,"case ""international-payments"" :: Nil JsonPost",InternationalPaymentsApi.scala
UK Open Banking (v3_1_0),getInternationalPaymentConsentsConsentId,GET,/international-payment-consents/CONSENTID,Get International Payment Consents,${mockedDataText(true)},,,CONSENTID,,,,N/A,InternationalPaymentsApi.scala
UK Open Banking (v3_1_0),getInternationalPaymentConsentsConsentIdFundsConfirmation,GET,/international-payment-consents/CONSENTID/funds-confirmation,Get International Payment Consents Funds Confirmation,${mockedDataText(true)},,,CONSENTID,,,,"""international-payment-consents"" :: consentid:: ""funds-confirmation"" :: Nil",InternationalPaymentsApi.scala
UK Open Banking (v3_1_0),getInternationalPaymentsInternationalPaymentId,GET,/international-payments/INTERNATIONALPAYMENTID,Get International Payments,${mockedDataText(true)},,,INTERNATIONALPAYMENTID,,,,N/A,InternationalPaymentsApi.scala
Berlin Group PSD2 (v1_3),createConsent,POST,/consents,Create consent,"${mockedDataText(false)} This method create a consent resource, defining access rights to dedicated accounts of a given PSU-ID. These accounts are addressed explicitly in the method as parameters as a core function. **Side Effects** When this Consent Request is a request where the ""recurringIndicator"" equals ""true"", and if it exists already a former consent for recurring access on account information for the addressed PSU, then the former consent automatically expires as soon as the new consent ",,,,,,,"case ""consents"" :: Nil JsonPost",AccountInformationServiceAISApi.scala
Berlin Group PSD2 (v1_3),deleteConsent,DELETE,/consents/CONSENTID,Delete Consent,${mockedDataText(false)} The TPP can delete an account information consent object if needed.,,,CONSENTID,,,,"""consents"" :: consentId :: Nil",AccountInformationServiceAISApi.scala
Berlin Group PSD2 (v1_3),getAccountList,GET,/accounts,Read Account List,"${mockedDataText(false)} Read the identifiers of the available payment account together with booking balance information, depending on the consent granted. It is assumed that a consent of the PSU to this access is already given and stored on the ASPSP system. The addressed list of accounts depends then on the PSU ID and the stored consent addressed by consentId, respectively the OAuth2 access token. Returns all identifiers of the accounts, to which an account access has been granted to through t",,,,,,,"case ""accounts"" :: Nil JsonGet",AccountInformationServiceAISApi.scala
Berlin Group PSD2 (v1_3),getBalances,GET,/accounts/ACCOUNT_ID/balances,Read Balance,"${mockedDataText(false)} Reads account data from a given account addressed by ""account-id"". **Remark:** This account-id can be a tokenised identification due to data protection reason since the path information might be logged on intermediary servers within the ASPSP sphere. This account-id then can be retrieved by the ""GET Account List"" call. The account-id is constant at least throughout the lifecycle of a given consent.",,,ACCOUNT_ID,createAccountBalanceJSON,,,"""accounts"" :: AccountId(accountId):: ""balances"" :: Nil",AccountInformationServiceAISApi.scala
Berlin Group PSD2 (v1_3),getCardAccounts,GET,/card-accounts,Reads a list of card accounts,"${mockedDataText(false)} Reads a list of card accounts with additional information, e.g. balance information. It is assumed that a consent of the PSU to this access is already given and stored on the ASPSP system. The addressed list of card accounts depends then on the PSU ID and the stored consent addressed by consentId, respectively the OAuth2 access token.",,,,,,,"case ""card-accounts"" :: Nil JsonGet",AccountInformationServiceAISApi.scala
Berlin Group PSD2 (v1_3),getCardAccountBalances,GET,/card-accounts/ACCOUNT_ID/balances,Read card account balances,"${mockedDataText(false)} Reads balance data from a given card account addressed by ""account-id"". Remark: This account-id can be a tokenised identification due to data protection reason since the path information might be logged on intermediary servers within the ASPSP sphere. This account-id then can be retrieved by the ""GET Card Account List"" call",,,ACCOUNT_ID,createCardAccountBalanceJSON,,,"""card-accounts"" :: AccountId(accountId) :: ""balances"" :: Nil",AccountInformationServiceAISApi.scala
Berlin Group PSD2 (v1_3),getCardAccountTransactionList,GET,/card-accounts/ACCOUNT_ID/transactions,Read transaction list of a card account,"${mockedDataText(false)} Reads account data from a given card account addressed by ""account-id"".",,,ACCOUNT_ID,,,,"""card-accounts"" :: AccountId(accountId):: ""transactions"" :: Nil",AccountInformationServiceAISApi.scala
Berlin Group PSD2 (v1_3),getConsentAuthorisation,GET,/consents/CONSENTID/authorisations,Get Consent Authorisation Sub-Resources Request,${mockedDataText(false)} Return a list of all authorisation subresources IDs which have been created. This function returns an array of hyperlinks to all generated authorisation sub-resources.,,,CONSENTID,,,,"""consents"" :: consentId :: ""authorisations"" :: Nil",AccountInformationServiceAISApi.scala
Berlin Group PSD2 (v1_3),getConsentInformation,GET,/consents/CONSENTID,Get Consent Request,"${mockedDataText(false)} Returns the content of an account information consent object. This is returning the data for the TPP especially in cases, where the consent was directly managed between ASPSP and PSU e.g. in a re-direct SCA Approach.",,,CONSENTID,,,,"""consents"" :: consentId :: Nil",AccountInformationServiceAISApi.scala
Berlin Group PSD2 (v1_3),getConsentScaStatus,GET,/consents/CONSENTID/authorisations/AUTHORISATIONID,Read the SCA status of the consent authorisation,${mockedDataText(false)} This method returns the SCA status of a consent initiation's authorisation sub-resource.,,,AUTHORISATIONID; CONSENTID,,,UnknownError; ConsentNotFound,"""consents"" :: consentId:: ""authorisations"" :: authorisationId :: Nil",AccountInformationServiceAISApi.scala
Berlin Group PSD2 (v1_3),getConsentStatus,GET,/consents/CONSENTID/status,Consent status request,${mockedDataText(false)} Read the status of an account information consent resource.,,,CONSENTID,,,,"""consents"" :: consentId:: ""status"" :: Nil",AccountInformationServiceAISApi.scala
Berlin Group PSD2 (v1_3),getTransactionDetails,GET,/accounts/ACCOUNT_ID/transactions/TRANSACTIONID,Read Transaction Details,"${mockedDataText(false)} Reads transaction details from a given transaction addressed by ""transactionId"" on a given account addressed by ""account-id"". This call is only available on transactions as reported in a JSON format. **Remark:** Please note that the PATH might be already given in detail by the corresponding entry of the response of the ""Read Transaction List"" call within the _links subfield.",,,ACCOUNT_ID; TRANSACTIONID,,,,"""accounts"" :: accountId :: ""transactions"" :: transactionId :: Nil",AccountInformationServiceAISApi.scala
Berlin Group PSD2 (v1_3),getTransactionList,GET,/accounts/ACCOUNT_ID/transactions,Read transaction list of an account,"${mockedDataText(false)} Read transaction reports or transaction lists of a given account addressed by ""account-id"", depending on the steering parameter ""bookingStatus"" together with balances. For a given account, additional parameters are e.g. the attributes ""dateFrom"" and ""dateTo"". The ASPSP might add balance information, if transaction lists without balances are not supported.",,,ACCOUNT_ID,,,,"""accounts"" :: AccountId(accountId):: ""transactions"" :: Nil",AccountInformationServiceAISApi.scala
Berlin Group PSD2 (v1_3),getAccountDetails,GET,/accounts/ACCOUNT_ID,Read Account Details,"${mockedDataText(false)} Reads details about an account, with balances where required. It is assumed that a consent of the PSU to this access is already given and stored on the ASPSP system. The addressed details of this account depends then on the stored consent addressed by consentId, respectively the OAuth2 access token. **NOTE:** The account-id can represent a multicurrency account. In this case the currency code is set to ""XXX"". Give detailed information about the addressed account. Give de",,,ACCOUNT_ID,,,,"""accounts"" :: accountId :: Nil",AccountInformationServiceAISApi.scala
Berlin Group PSD2 (v1_3),readCardAccount,GET,/card-accounts/ACCOUNT_ID,Reads details about a card account,"${mockedDataText(false)} Reads details about a card account. It is assumed that a consent of the PSU to this access is already given and stored on the ASPSP system. The addressed details of this account depends then on the stored consent addressed by consentId, respectively the OAuth2 access token.",,,ACCOUNT_ID,,,,"""card-accounts"" :: accountId :: Nil",AccountInformationServiceAISApi.scala
Berlin Group PSD2 (v1_3),startConsentAuthorisationTransactionAuthorisation,POST,/consents/CONSENTID/authorisations,Start the authorisation process for a consent(selectPsuAuthenticationMethod),"{ ""psuData"": { ""password"": ""start12"" } }",,,CONSENTID,,,,"""consents"" :: consentId :: ""authorisations"" :: Nil",AccountInformationServiceAISApi.scala
Berlin Group PSD2 (v1_3),updateConsentsPsuDataTransactionAuthorisation,PUT,/consents/CONSENTID/authorisations/AUTHORISATIONID,Update PSU Data for consents (selectPsuAuthenticationMethod),"{ ""authenticationMethodId"": ""myAuthenticationID"" }",,,AUTHORISATIONID; CONSENTID,,,,"""consents"" :: consentId :: ""authorisations"" :: authorisationId :: Nil",AccountInformationServiceAISApi.scala
Berlin Group PSD2 (v1_3),cancelPayment,DELETE,/PAYMENT_SERVICE/PAYMENT_PRODUCT/PAYMENTID,Payment Cancellation Request,"${mockedDataText(false)} This method initiates the cancellation of a payment. Depending on the payment-service, the payment-product and the ASPSP's implementation, this TPP call might be sufficient to cancel a payment. If an authorisation of the payment cancellation is mandated by the ASPSP, a corresponding hyperlink will be contained in the response message. Cancels the addressed payment with resource identification paymentId if applicable to the payment-service, payment-product and received in",,,PAYMENT_SERVICE; PAYMENTID; PAYMENT_PRODUCT,,,,N/A,PaymentInitiationServicePISApi.scala
Berlin Group PSD2 (v1_3),getPaymentCancellationScaStatus,GET,/PAYMENT_SERVICE/PAYMENT_PRODUCT/PAYMENTID/cancellation-authorisations/CANCELLATIONID,Read the SCA status of the payment cancellation's authorisation.,${mockedDataText(false)} This method returns the SCA status of a payment initiation's authorisation sub-resource.,,,CANCELLATIONID; PAYMENT_SERVICE; PAYMENTID; PAYMENT_PRODUCT,,,,N/A,PaymentInitiationServicePISApi.scala
Berlin Group PSD2 (v1_3),getPaymentInformation,GET,/PAYMENT_SERVICE/PAYMENT_PRODUCT/PAYMENTID,Get Payment Information,${mockedDataText(false)} Returns the content of a payment object,,,PAYMENT_SERVICE; PAYMENTID; PAYMENT_PRODUCT,,,,N/A,PaymentInitiationServicePISApi.scala
Berlin Group PSD2 (v1_3),getPaymentInitiationAuthorisation,GET,/PAYMENT_SERVICE/PAYMENT_PRODUCT/PAYMENTID/authorisations,Get Payment Initiation Authorisation Sub-Resources Request,${mockedDataText(false)} Read a list of all authorisation subresources IDs which have been created. This function returns an array of hyperlinks to all generated authorisation sub-resources.,,,PAYMENT_SERVICE; PAYMENTID; PAYMENT_PRODUCT,,,,N/A,PaymentInitiationServicePISApi.scala
Berlin Group PSD2 (v1_3),getPaymentInitiationCancellationAuthorisationInformation,GET,/PAYMENT_SERVICE/PAYMENT_PRODUCT/PAYMENTID/cancellation-authorisations,Get Cancellation Authorisation Sub-Resources Request,${mockedDataText(false)} Retrieve a list of all created cancellation authorisation sub-resources.,,,PAYMENT_SERVICE; PAYMENTID; PAYMENT_PRODUCT,,,checkPaymentProductError; checkPaymentServerTypeError; UnknownError,N/A,PaymentInitiationServicePISApi.scala
Berlin Group PSD2 (v1_3),getPaymentInitiationScaStatus,GET,/PAYMENT_SERVICE/PAYMENT_PRODUCT/PAYMENT_ID/authorisations/AUTHORISATION_ID,Read the SCA Status of the payment authorisation,${mockedDataText(false)} This method returns the SCA status of a payment initiation's authorisation sub-resource.,,,PAYMENT_ID; PAYMENT_SERVICE; AUTHORISATION_ID; PAYMENT_PRODUCT,,,,N/A,PaymentInitiationServicePISApi.scala
Berlin Group PSD2 (v1_3),getPaymentInitiationStatus,GET,/PAYMENT_SERVICE/PAYMENT_PRODUCT/PAYMENT_ID/status,Payment initiation status request,${mockedDataText(false)} Check the transaction status of a payment initiation.,,,PAYMENT_ID; PAYMENT_SERVICE; PAYMENT_PRODUCT,,,,N/A,PaymentInitiationServicePISApi.scala
Berlin Group PSD2 (v1_3),initiatePayments,POST,/payments/PAYMENT_PRODUCT,Payment initiation request(payments),"{ ""debtorAccount"": { ""iban"": ""DE123456987480123"" }, ""instructedAmount"": { ""currency"": ""EUR"", ""amount"": ""100"" }, ""creditorAccount"": { ""iban"": ""UK12 1234 5123 4517 2948 6166 077"" }, ""creditorName"": ""70charname"" }",,,PAYMENT_PRODUCT,,,,"""payments"" :: paymentProduct :: Nil",PaymentInitiationServicePISApi.scala
Berlin Group PSD2 (v1_3),initiatePeriodicPayments,POST,/periodic-payments/PAYMENT_PRODUCT,Payment initiation request(periodic-payments),"{ ""instructedAmount"": { ""currency"": ""EUR"", ""amount"": ""123"" }, ""debtorAccount"": { ""iban"": ""DE40100100103307118608"" }, ""creditorName"": ""Merchant123"", ""creditorAccount"": { ""iban"": ""DE23100120020123456789"" }, ""remittanceInformationUnstructured"": ""Ref Number Abonnement"", ""startDate"": ""2018-03-01"", ""executionRule"": ""preceding"", ""frequency"": ""Monthly"", ""dayOfExecution"": ""01"" }",,,PAYMENT_PRODUCT,,,,"""periodic-payments"" :: paymentProduct :: Nil",PaymentInitiationServicePISApi.scala
Berlin Group PSD2 (v1_3),initiateBulkPayments,POST,/bulk-payments/PAYMENT_PRODUCT,Payment initiation request(bulk-payments),"{ ""batchBookingPreferred"": ""true"", ""debtorAccount"": { ""iban"": ""DE40100100103307118608"" }, ""paymentInformationId"": ""my-bulk-identification-1234"", ""requestedExecutionDate"": ""2018-08-01"", ""payments"": [ { ""instructedAmount"": { ""currency"": ""EUR"", ""amount"": ""123.50"" }, ""creditorName"": ""Merchant123"", ""creditorAccount"": { ""iban"": ""DE02100100109307118603"" }, ""remittanceInformationUnstructured"": ""Ref Number Merchant 1"" }, { ""instructedAmount"": { ""currency"": ""EUR"", ""amount"": ""34.10"" }, ""creditorName"": ""Mer",,,PAYMENT_PRODUCT,,,,"""bulk-payments"" :: paymentProduct :: Nil",PaymentInitiationServicePISApi.scala
Berlin Group PSD2 (v1_3),startPaymentAuthorisationUpdatePsuAuthentication,POST,/PAYMENT_SERVICE/PAYMENT_PRODUCT/PAYMENT_ID/authorisations,Start the authorisation process for a payment initiation (selectPsuAuthenticationMethod),"{ ""scaStatus"": ""finalised"", ""_links"":{ ""status"": {""href"":""/v1/payments/sepa-credit-transfers/qwer3456tzui7890/status""} } }",,,PAYMENT_ID; PAYMENT_SERVICE; PAYMENT_PRODUCT,,,,N/A,PaymentInitiationServicePISApi.scala
Berlin Group PSD2 (v1_3),startPaymentInitiationCancellationAuthorisationTransactionAuthorisation,POST,/PAYMENT_SERVICE/PAYMENT_PRODUCT/PAYMENT_ID/cancellation-authorisations,Start the authorisation process for the cancellation of the addressed payment (transactionAuthorisat,"{ ""psuData"": { ""password"": ""start12"" } }",,,PAYMENT_ID; PAYMENT_SERVICE; PAYMENT_PRODUCT,,,,N/A,PaymentInitiationServicePISApi.scala
Berlin Group PSD2 (v1_3),updatePaymentCancellationPsuDataTransactionAuthorisation,PUT,/PAYMENT_SERVICE/PAYMENT_PRODUCT/PAYMENT_ID/cancellation-authorisations/AUTHORISATION_ID,Update PSU Data for payment initiation cancellation (selectPsuAuthenticationMethod),"{""confirmationCode"":""confirmationCode""}",,,PAYMENT_ID; PAYMENT_SERVICE; AUTHORISATION_ID; PAYMENT_PRODUCT,,,,N/A,PaymentInitiationServicePISApi.scala
Berlin Group PSD2 (v1_3),updatePaymentPsuDataTransactionAuthorisation,PUT,/PAYMENT_SERVICE/PAYMENT_PRODUCT/PAYMENT_ID/authorisations/AUTHORISATION_ID,Update PSU data for payment initiation (selectPsuAuthenticationMethod),"{""confirmationCode"":""confirmationCode""}",,,PAYMENT_ID; PAYMENT_SERVICE; AUTHORISATION_ID; PAYMENT_PRODUCT,,,,N/A,PaymentInitiationServicePISApi.scala
Berlin Group PSD2 (v1_3),createSigningBasket,POST,/signing-baskets,Create a signing basket resource,${mockedDataText(false)} Create a signing basket resource for authorising several transactions with one SCA method. The resource identifications of these transactions are contained in the payload of this access method,,,,,,,"case ""signing-baskets"" :: Nil JsonPost",SigningBasketsApi.scala
Berlin Group PSD2 (v1_3),deleteSigningBasket,DELETE,/signing-baskets/BASKETID,Delete the signing basket,"${mockedDataText(false)} Delete the signing basket structure as long as no (partial) authorisation has yet been applied. The undlerying transactions are not affected by this deletion. Remark: The signing basket as such is not deletable after a first (partial) authorisation has been applied. Nevertheless, single transactions might be cancelled on an individual basis on the XS2A interface.",,,BASKETID,,,UnknownError,"""signing-baskets"" :: basketid :: Nil",SigningBasketsApi.scala
Berlin Group PSD2 (v1_3),getSigningBasket,GET,/signing-baskets/BASKETID,Returns the content of an signing basket object.,${mockedDataText(false)} Returns the content of an signing basket object.,,,BASKETID,,,UnknownError,"""signing-baskets"" :: basketid :: Nil",SigningBasketsApi.scala
Berlin Group PSD2 (v1_3),getSigningBasketAuthorisation,GET,/signing-baskets/BASKETID/authorisations,Get Signing Basket Authorisation Sub-Resources Request,${mockedDataText(false)} Read a list of all authorisation subresources IDs which have been created. This function returns an array of hyperlinks to all generated authorisation sub-resources.,,,BASKETID,,,UnknownError,"""signing-baskets"" :: basketid:: ""authorisations"" :: Nil",SigningBasketsApi.scala
Berlin Group PSD2 (v1_3),getSigningBasketScaStatus,GET,/signing-baskets/BASKETID/authorisations/AUTHORISATIONID,Read the SCA status of the signing basket authorisation,${mockedDataText(false)} This method returns the SCA status of a signing basket's authorisation sub-resource.,,,AUTHORISATIONID; BASKETID,,,UnknownError; ConsentNotFound,"""signing-baskets"" :: basketId:: ""authorisations"" :: authorisationId :: Nil",SigningBasketsApi.scala
Berlin Group PSD2 (v1_3),getSigningBasketStatus,GET,/signing-baskets/BASKETID/status,Read the status of the signing basket,${mockedDataText(false)} Returns the status of a signing basket object.,,,BASKETID,,,,"""signing-baskets"" :: basketid:: ""status"" :: Nil",SigningBasketsApi.scala
Berlin Group PSD2 (v1_3),startSigningBasketAuthorisation,POST,/signing-baskets/BASKETID/authorisations,Start the authorisation process for a signing basket,"${mockedDataText(false)} Create an authorisation sub-resource and start the authorisation process of a signing basket. The message might in addition transmit authentication and authorisation related data. This method is iterated n times for a n times SCA authorisation in a corporate context, each creating an own authorisation sub-endpoint for the corresponding PSU authorising the signing-baskets. The ASPSP might make the usage of this access method unnecessary in case of only one SCA process nee",,,BASKETID,,,,"""signing-baskets"" :: basketId :: ""authorisations"" :: Nil",SigningBasketsApi.scala
Berlin Group PSD2 (v1_3),updateSigningBasketPsuData,PUT,/signing-baskets/BASKETID/authorisations/AUTHORISATIONID,Update PSU Data for signing basket,"${mockedDataText(false)} This method update PSU data on the signing basket resource if needed. It may authorise a igning basket within the Embedded SCA Approach where needed. Independently from the SCA Approach it supports e.g. the selection of the authentication method and a non-SCA PSU authentication. This methods updates PSU data on the cancellation authorisation resource if needed. There are several possible Update PSU Data requests in the context of a consent request if needed, which depend",,,AUTHORISATIONID; BASKETID,,,,"""signing-baskets"" :: basketId:: ""authorisations"" :: authorisationId :: Nil",SigningBasketsApi.scala
Berlin Group PSD2 (v1_3),checkAvailabilityOfFunds,POST,/funds-confirmations,Confirmation of Funds Request,"${mockedDataText(false)} Creates a confirmation of funds request at the ASPSP. Checks whether a specific amount is available at point of time of the request on an account linked to a given tuple card issuer(TPP)/card number, or addressed by IBAN and TPP respectively. If the related extended services are used a conditional Consent-ID is contained in the header. This field is contained but commented out in this specification.",,,,,,,"case ""funds-confirmations"" ::  Nil JsonPost",ConfirmationOfFundsServicePIISApi.scala
STET (French) (v1_4),fundsConfirmationsPost,POST,/funds-confirmations,Payment coverage check request (CBPII),"${mockedDataText(true)} ### Description The CBPII can ask an ASPSP to check if a given amount can be covered by the liquidity that is available on a PSU cash account or payment card. ### Prerequisites * The TPP has been registered by the Registration Authority for the CBPII role * The TPP and the PSU have a contract that has been registered by the ASPSP * The TPP and the ASPSP have successfully processed a mutual check and authentication * The TPP has presented its OAUTH2 ""Authorization Code"", """,,,,,,,"case ""funds-confirmations"" :: Nil JsonPost",CBPIIApi.scala
STET (French) (v1_4),accountsBalancesGet,GET,/accounts/ACCOUNTRESOURCEID/balances,Retrieval of an account balances report (AISP),"${mockedDataText(false)} ### Description This call returns a set of balances for a given PSU account that is specified by the AISP through an account resource Identification ### Prerequisites * The TPP has been registered by the Registration Authority for the AISP role * The TPP and the PSU have a contract that has been enrolled by the ASPSP * At this step, the ASPSP has delivered an OAUTH2 ""Authorization Code"" or ""Resource Owner Password"" access token to the TPP (cf. § 3.4.2). * The TPP and the",,,ACCOUNTRESOURCEID,,,,"""accounts"" :: accountresourceid:: ""balances"" :: Nil",AISPApi.scala
STET (French) (v1_4),accountsGet,GET,/accounts,Retrieval of the PSU accounts (AISP),"${mockedDataText(false)} ### Description This call returns all payment accounts that are relevant the PSU on behalf of whom the AISP is connected. Thanks to HYPERMEDIA, each account is returned with the links aiming to ease access to the relevant transactions and balances. The result may be subject to pagination (i.e. retrieving a partial result in case of having too many results) through a set of pages by the ASPSP. Thereafter, the AISP may ask for the first, next, previous or last page of resu",,,,,,,"case ""accounts"" :: Nil JsonGet",AISPApi.scala
STET (French) (v1_4),accountsTransactionsGet,GET,/accounts/ACCOUNTRESOURCEID/transactions,Retrieval of an account transaction set (AISP),${mockedDataText(false)} ### Description This call returns transactions for an account for a given PSU account that is specified by the AISP through an account resource identification. The request may use some filter parameter in order to restrict the query * on a given imputation date range * past a given incremental technical identification The result may be subject to pagination (i.e. retrieving a partial result in case of having too many results) through a set of pages by the ASPSP. Thereaft,,,ACCOUNTRESOURCEID,,,,"""accounts"" :: accountresourceid:: ""transactions"" :: Nil",AISPApi.scala
STET (French) (v1_4),consentsPut,PUT,/consents,Forwarding the PSU consent (AISP),${mockedDataText(true)} ### Description In the mixed detailed consent on accounts * the AISP captures the consent of the PSU * then it forwards this consent to the ASPSP This consent replaces any prior consent that was previously sent by the AISP. ### Prerequisites * The TPP has been registered by the Registration Authority for the AISP role. * The TPP and the PSU have a contract that has been enrolled by the ASPSP * The TPP and the ASPSP have successfully processed a mutual check and authentica,,,,,,,"case ""consents"" :: Nil JsonPut",AISPApi.scala
STET (French) (v1_4),endUserIdentityGet,GET,/end-user-identity,Retrieval of the identity of the end-user (AISP),"${mockedDataText(true)} ### Description This call returns the identity of the PSU (end-user). ### Prerequisites * The TPP has been registered by the Registration Authority for the AISP role. * The TPP and the PSU have a contract that has been enrolled by the ASPSP * The TPP and the ASPSP have successfully processed a mutual check and authentication * The TPP has presented its OAUTH2 ""Authorization Code"" or ""Resource Owner Password"" access token which allows the ASPSP to identify the relevant PSU",,,,,,,"case ""end-user-identity"" :: Nil JsonGet",AISPApi.scala
STET (French) (v1_4),trustedBeneficiariesGet,GET,/trusted-beneficiaries,Retrieval of the trusted beneficiaries list (AISP),"${mockedDataText(true)} ### Description This call returns all trusted beneficiaries that have been set by the PSU. Those beneficiaries can benefit from an SCA exemption during payment initiation. The result may be subject to pagination (i.e. retrieving a partial result in case of having too many results) through a set of pages by the ASPSP. Thereafter, the AISP may ask for the first, next, previous or last page of results. ### Prerequisites * The TPP has been registered by the Registration Autho",,,,,,,"case ""trusted-beneficiaries"" :: Nil JsonGet",AISPApi.scala
STET (French) (v1_4),paymentRequestConfirmationPost,POST,/payment-requests/PAYMENTREQUESTRESOURCEID/confirmation,Confirmation of a payment request or a modification request (PISP),"${mockedDataText(true)} ### Description The PISP confirms one of the following requests * payment request on behalf of a merchant * transfer request on behalf of the account's owner * standing-order request on behalf of the account's owner The ASPSP answers with a status of the relevant request and the subsequent Credit Transfer. ### Prerequisites * The TPP has been registered by the Registration Authority for the PISP role * The TPP was provided with an OAUTH2 ""Client Credential"" access token b",,,PAYMENTREQUESTRESOURCEID,,,,"""payment-requests"" :: paymentrequestresourceid:: ""confirmation"" :: Nil",PISPApi.scala
STET (French) (v1_4),paymentRequestPut,PUT,/payment-requests/PAYMENTREQUESTRESOURCEID,Modification of a Payment/Transfer Request (PISP),"${mockedDataText(true)} ### Description The PISP sent a Payment/Transfer Request through a POST command. The ASPSP registered the Payment/Transfer Request, updated if necessary the relevant identifiers in order to avoid duplicates and returned the location of the updated Request. The PISP got the Payment/Transfer Request that has been updated with the resource identifiers, and eventually the status of the Payment/Transfer Request and the status of the subsequent credit transfer. The PISP request",,,PAYMENTREQUESTRESOURCEID,,,,N/A,PISPApi.scala
STET (French) (v1_4),paymentRequestsGet,GET,/payment-requests/PAYMENTREQUESTRESOURCEID,Retrieval of a payment request (PISP),"${mockedDataText(true)} ### Description The following use cases can be applied: * retrieval of a payment request on behalf of a merchant * retrieval of a transfer request on behalf of the account's owner * retrieval of a standing-order request on behalf of the account's owner The PISP has sent a Request through a POST command. The ASPSP has registered the Request, updated if necessary the relevant identifiers in order to avoid duplicates and returned the location of the updated Request. The PISP",,,PAYMENTREQUESTRESOURCEID,,,,"""payment-requests"" :: paymentrequestresourceid :: Nil",PISPApi.scala
STET (French) (v1_4),paymentRequestsPost,POST,/payment-requests,Payment request initiation (PISP),${mockedDataText(true)} ### Description The following use cases can be applied: * payment request on behalf of a merchant * transfer request on behalf of the account's owner * standing-order request on behalf of the account's owner #### Data content A payment request or a transfer request might embed several payment instructions having * one single execution date or multiple execution dates * one single beneficiary or multiple beneficiaries Having at the same time multiple beneficiaries and mult,,,,,,,N/A,PISPApi.scala
Polish API (v2_1_1_1),bundle,POST,/payments/v2_1_1.1/bundle,Initiate many transfers as bundle,${mockedDataText(true)},,,_,,,,N/A,PISApi.scala
Polish API (v2_1_1_1),cancelPayments,POST,/payments/v2_1_1.1/cancelPayments,Cancelation of future dated payment,${mockedDataText(true)},,,P; _,,,,N/A,PISApi.scala
Polish API (v2_1_1_1),cancelRecurringPayment,POST,/payments/v2_1_1.1/cancelRecurringPayment,Cancelation of recurring payment,${mockedDataText(true)},,,R; P; _,,,,N/A,PISApi.scala
Polish API (v2_1_1_1),domestic,POST,/payments/v2_1_1.1/domestic,Initiate domestic transfer,${mockedDataText(true)},,,_,,,,N/A,PISApi.scala
Polish API (v2_1_1_1),eEA,POST,/payments/v2_1_1.1/EEA,Initiate SEPA foreign transfers,${mockedDataText(true)},,,_; EEA,,,,N/A,PISApi.scala
Polish API (v2_1_1_1),getBundle,POST,/payments/v2_1_1.1/getBundle,Get the status of bundle of payments,${mockedDataText(true)},,,B; _,,,,N/A,PISApi.scala
Polish API (v2_1_1_1),getMultiplePayments,POST,/payments/v2_1_1.1/getMultiplePayments,Get the status of multiple payments,${mockedDataText(true)},,,M; P; _,,,,N/A,PISApi.scala
Polish API (v2_1_1_1),getPayment,POST,/payments/v2_1_1.1/getPayment,Get the status of payment,${mockedDataText(true)},,,P; _,,,UnknownError,N/A,PISApi.scala
Polish API (v2_1_1_1),getRecurringPayment,POST,/payments/v2_1_1.1/getRecurringPayment,Get the status of recurring payment,${mockedDataText(true)},,,R; P; _,,,,N/A,PISApi.scala
Polish API (v2_1_1_1),nonEEA,POST,/payments/v2_1_1.1/nonEEA,Initiate non SEPA foreign transfers,${mockedDataText(true)},,,_; EEA,,,,N/A,PISApi.scala
Polish API (v2_1_1_1),recurring,POST,/payments/v2_1_1.1/recurring,Defines new recurring payment,${mockedDataText(true)},,,_,,,,N/A,PISApi.scala
Polish API (v2_1_1_1),tax,POST,/payments/v2_1_1.1/tax,Initiate tax transfer,${mockedDataText(true)},,,_,,,,N/A,PISApi.scala
Polish API (v2_1_1_1),getConfirmationOfFunds,POST,/confirmation/v2_1_1.1/getConfirmationOfFunds,Confirmation of the availability of funds,"${mockedDataText(true)} Confirming the availability on the payers account of the amount necessary to execute the payment transaction, as defined in Art. 65 PSD2.",,,O; C; _; F,,,,N/A,CAFApi.scala
Polish API (v2_1_1_1),deleteConsent,POST,/accounts/v2_1_1.1/deleteConsent,Removes consent,${mockedDataText(true)} Removes consent,,,C; _,,,UnknownError,N/A,AISApi.scala
Polish API (v2_1_1_1),getAccount,POST,/accounts/v2_1_1.1/getAccount,Get detailed information about user payment account,${mockedDataText(true)} User identification based on access token,,,A; _,,,,N/A,AISApi.scala
Polish API (v2_1_1_1),getAccounts,POST,/accounts/v2_1_1.1/getAccounts,Get information about all user's payment account,${mockedDataText(true)} User identification based on access token,,,A; _,,,,N/A,AISApi.scala
Polish API (v2_1_1_1),getHolds,POST,/accounts/v2_1_1.1/getHolds,Get list of user's holded operations,${mockedDataText(true)},,,H; _,,,,N/A,AISApi.scala
Polish API (v2_1_1_1),getTransactionDetail,POST,/accounts/v2_1_1.1/getTransactionDetail,Get detailed information about user's single transaction,${mockedDataText(true)},,,D; T; _,,,,N/A,AISApi.scala
Polish API (v2_1_1_1),getTransactionsCancelled,POST,/accounts/v2_1_1.1/getTransactionsCancelled,Get list of user cancelled transactions,${mockedDataText(true)},,,T; C; _,,,UnknownError,N/A,AISApi.scala
Polish API (v2_1_1_1),getTransactionsDone,POST,/accounts/v2_1_1.1/getTransactionsDone,Get list of user done transactions,${mockedDataText(true)},,,D; T; _,,,UnknownError,N/A,AISApi.scala
Polish API (v2_1_1_1),getTransactionsPending,POST,/accounts/v2_1_1.1/getTransactionsPending,Get list of user's pending transactions,${mockedDataText(true)},,,T; P; _,,,UnknownError,N/A,AISApi.scala
Polish API (v2_1_1_1),getTransactionsRejected,POST,/accounts/v2_1_1.1/getTransactionsRejected,Get list of user's rejected transactions,${mockedDataText(true)},,,R; T; _,,,UnknownError,N/A,AISApi.scala
Polish API (v2_1_1_1),getTransactionsScheduled,POST,/accounts/v2_1_1.1/getTransactionsScheduled,Get list of user scheduled transactions,${mockedDataText(true)},,,S; T; _,,,,N/A,AISApi.scala
Polish API (v2_1_1_1),authorize,POST,/auth/v2_1_1.1/authorize,Requests OAuth2 authorization code,${mockedDataText(true)} Requests OAuth2 authorization code,,,_,,,,N/A,ASApi.scala
Polish API (v2_1_1_1),authorizeExt,POST,/auth/v2_1_1.1/authorizeExt,Requests OAuth2 authorization code based on One-time authorization code issued by External Authoriza,${mockedDataText(true)} Requests OAuth2 authorization code based One-time authorization code issued by External Authorization Tool. Authorization code will be delivered to TPP as callback request from ASPSP if PSU authentication is confirmed by EAT. Callback function must provide similar notification also in case of unsuccessful authentication or its abandonment.,,,_; E,,,,N/A,ASApi.scala
Polish API (v2_1_1_1),token,POST,/auth/v2_1_1.1/token,Requests OAuth2 access token value,${mockedDataText(true)} Requests OAuth2 access token value,,,_,,,,N/A,ASApi.scala
Australian Open Banking (v1_0_0),listScheduledPayments,GET,/banking/accounts/ACCOUNT_ID/payments/scheduled,Get Scheduled Payments for Account,"${mockedDataText(true)} Obtain scheduled, outgoing payments for a specific account",,,ACCOUNT_ID,,,,N/A,ScheduledPaymentsApi.scala; BankingApi.scala
Australian Open Banking (v1_0_0),listScheduledPaymentsBulk,GET,/banking/payments/scheduled,Get Scheduled Payments Bulk,"${mockedDataText(true)} Obtain scheduled payments for multiple, filtered accounts that are the source of funds for the payments",,,,,,,N/A,ScheduledPaymentsApi.scala; BankingApi.scala
Australian Open Banking (v1_0_0),listScheduledPaymentsSpecificAccounts,POST,/banking/payments/scheduled,Get Scheduled Payments For Specific Accounts,${mockedDataText(true)} Obtain scheduled payments for a specified list of accounts,,,,,,,N/A,ScheduledPaymentsApi.scala; BankingApi.scala
Australian Open Banking (v1_0_0),getOutages,GET,/discovery/outages,Get Outages,${mockedDataText(true)} Obtain a list of scheduled outages for the implementation,,,,,,UnknownError,N/A,DiscoveryApi.scala; CommonApi.scala
Australian Open Banking (v1_0_0),getStatus,GET,/discovery/status,Get Status,${mockedDataText(true)} Obtain a health check status for the implementation,,,,,,,N/A,DiscoveryApi.scala; CommonApi.scala
Australian Open Banking (v1_0_0),getCustomer,GET,/common/customer,Get Customer,${mockedDataText(true)} Obtain basic information on the customer that has authorised the current session,,,,,,,N/A,CommonApi.scala; CustomerApi.scala
Australian Open Banking (v1_0_0),getCustomerDetail,GET,/common/customer/detail,Get Customer Detail,${mockedDataText(true)} Obtain detailed information on the authorised customer within the current session.,,,,,,UnknownError,N/A,CommonApi.scala; CustomerApi.scala
Australian Open Banking (v1_0_0),getProductDetail,GET,/banking/products/PRODUCT_ID,Get Product Detail,${mockedDataText(true)} Obtain detailed information on a single product offered openly to the market,,,PRODUCT_ID,,,UnknownError,N/A,ProductsApi.scala; BankingApi.scala
Australian Open Banking (v1_0_0),listProducts,GET,/banking/products,Get Products,,,,,,,,N/A,ProductsApi.scala; BankingApi.scala
Australian Open Banking (v1_0_0),getAccountDetail,GET,/banking/accounts/ACCOUNT_ID,Get Account Detail,${mockedDataText(true)} Obtain detailed information on a single account,,,ACCOUNT_ID,,,UnknownError,N/A,AccountsApi.scala; BankingApi.scala
Australian Open Banking (v1_0_0),getTransactionDetail,GET,/banking/accounts/ACCOUNT_ID/transactions/TRANSACTION_ID,Get Transaction Detail,${mockedDataText(true)} Obtain detailed information on a transaction for a specific account,,,ACCOUNT_ID; TRANSACTION_ID,,,,N/A,AccountsApi.scala; BankingApi.scala
Australian Open Banking (v1_0_0),getTransactions,GET,/banking/accounts/ACCOUNT_ID/transactions,Get Transactions For Account,"${mockedDataText(true)} Obtain transactions for a specific account. Some general notes that apply to all end points that retrieve transactions: - Where multiple transactions are returned, transactions should be ordered according to effective date in descending order - As the date and time for a transaction can alter depending on status and transaction type two separate date/times are included in the payload. There are still some scenarios where neither of these time stamps is available. For the ",,,ACCOUNT_ID,,,,N/A,AccountsApi.scala; BankingApi.scala
Australian Open Banking (v1_0_0),listBalancesBulk,GET,/banking/accounts/balances,Get Bulk Balances,"${mockedDataText(true)} Obtain balances for multiple, filtered accounts",,,,,,,N/A,AccountsApi.scala; BankingApi.scala
Australian Open Banking (v1_0_0),listBalancesSpecificAccounts,POST,/banking/accounts/balances,Get Balances For Specific Accounts,${mockedDataText(true)} Obtain balances for a specified list of accounts,,,,,,,N/A,AccountsApi.scala; BankingApi.scala
Australian Open Banking (v1_0_0),listDirectDebits,GET,/banking/accounts/ACCOUNT_ID/direct-debits,Get Direct Debits For Account,${mockedDataText(true)} Obtain direct debit authorisations for a specific account,,,ACCOUNT_ID,,,,N/A,DirectDebitsApi.scala; BankingApi.scala
Australian Open Banking (v1_0_0),listDirectDebitsBulk,GET,/banking/accounts/direct-debits,Get Bulk Direct Debits,"${mockedDataText(true)} Obtain direct debit authorisations for multiple, filtered accounts",,,,,,,N/A,DirectDebitsApi.scala; BankingApi.scala
Australian Open Banking (v1_0_0),listDirectDebitsSpecificAccounts,POST,/banking/accounts/direct-debits,Get Direct Debits For Specific Accounts,${mockedDataText(true)} Obtain direct debit authorisations for a specified list of accounts,,,,,,,N/A,DirectDebitsApi.scala; BankingApi.scala
Australian Open Banking (v1_0_0),getPayeeDetail,GET,/banking/payees/PAYEE_ID,Get Payee Detail,${mockedDataText(true)} Obtain detailed information on a single payee,,,PAYEE_ID,,,UnknownError,N/A,BankingApi.scala; PayeesApi.scala
Australian Open Banking (v1_0_0),listAccounts,GET,/banking/accounts,Get Accounts,${mockedDataText(false)} Obtain a list of accounts,,,,,,,N/A,BankingApi.scala
Australian Open Banking (v1_0_0),listBalance,GET,/banking/accounts/ACCOUNT_ID/balance,Get Account Balance,${mockedDataText(false)} Obtain the balance for a single specified account,,,ACCOUNT_ID,,,,N/A,BankingApi.scala
Australian Open Banking (v1_0_0),listPayees,GET,/banking/payees,Get Payees,${mockedDataText(true)} Obtain a list of pre-registered payees,,,,,,,N/A,BankingApi.scala; PayeesApi.scala
Bahrain OBF (v1_0_0),domesticFutureDatedPaymentCancellationConsentsConsentIdGet,GET,/domestic-future-dated-payment-cancellation-consents/CONSENT_ID,Get Domestic Future Dated Payment Cancellation Consents by ConsentId,${mockedDataText(true)},,,CONSENT_ID,,,,"""domestic-future-dated-payment-cancellation-consents"" :: consentId :: Nil",DomesticFutureDatedPaymentConsentsApi.scala
Bahrain OBF (v1_0_0),domesticFutureDatedPaymentCancellationConsentsPost,POST,/domestic-future-dated-payment-cancellation-consents,Create Domestic Future Dated Payment Cancellation Consents,${mockedDataText(true)},,,,,,,"case ""domestic-future-dated-payment-cancellation-consents"" :: Nil JsonPost",DomesticFutureDatedPaymentConsentsApi.scala
Bahrain OBF (v1_0_0),domesticFutureDatedPaymentConsentsConsentIdGet,GET,/domestic-future-dated-payment-consents/CONSENT_ID,Get Domestic Future Dated Payment Consents by ConsentId,${mockedDataText(true)},,,CONSENT_ID,,,,"""domestic-future-dated-payment-consents"" :: consentId :: Nil",DomesticFutureDatedPaymentConsentsApi.scala
Bahrain OBF (v1_0_0),domesticFutureDatedPaymentConsentsPost,POST,/domestic-future-dated-payment-consents,Create Domestic Future Dated Payment Consents,${mockedDataText(true)},,,,,,,N/A,DomesticFutureDatedPaymentConsentsApi.scala
Bahrain OBF (v1_0_0),internationalPaymentConsentsConsentIdFundsConfirmationGet,GET,/international-payment-consents/CONSENT_ID/funds-confirmation,Get International Payment Consents Funds Confirmation by ConsentId,${mockedDataText(true)},,,CONSENT_ID,,,,"""international-payment-consents"" :: consentId:: ""funds-confirmation"" :: Nil",InternationalPaymentConsentsApi.scala
Bahrain OBF (v1_0_0),internationalPaymentConsentsConsentIdGet,GET,/international-payment-consents/CONSENT_ID,Get International Payment Consents by ConsentId,${mockedDataText(true)},,,CONSENT_ID,,,,"""international-payment-consents"" :: consentId :: Nil",InternationalPaymentConsentsApi.scala
Bahrain OBF (v1_0_0),internationalPaymentConsentsPost,POST,/international-payment-consents,Create International Payment Consents,${mockedDataText(true)},,,,,,,N/A,InternationalPaymentConsentsApi.scala
Bahrain OBF (v1_0_0),accountsAccountIdPartiesGet,GET,/accounts/ACCOUNT_ID/parties,Get Accounts Parties by AccountId,${mockedDataText(true)},,,ACCOUNT_ID,,,,"""accounts"" :: accountId:: ""parties"" :: Nil",PartiesApi.scala
Bahrain OBF (v1_0_0),accountsAccountIdPartyGet,GET,/accounts/ACCOUNT_ID/party,Get Accounts Party by AccountId,${mockedDataText(true)},,,ACCOUNT_ID,,,,"""accounts"" :: accountId:: ""party"" :: Nil",PartiesApi.scala
Bahrain OBF (v1_0_0),partyGet,GET,/party,Get Party,${mockedDataText(true)},,,,,,,"case ""party"" :: Nil JsonGet",PartiesApi.scala
Bahrain OBF (v1_0_0),accountAccessConsentsConsentIdGet,GET,/account-access-consents/CONSENT_ID,Get Account Access Consents by ConsentId,${mockedDataText(true)},,,CONSENT_ID,,,,"""account-access-consents"" :: consentId :: Nil",AccountAccessConsentsApi.scala
Bahrain OBF (v1_0_0),accountAccessConsentsConsentIdPatch,PATCH,/account-access-consents/CONSENT_ID,Update Account Access Consent Status by ConsentId,${mockedDataText(true)},,,CONSENT_ID,,,,"""account-access-consents"" :: consentId :: Nil",AccountAccessConsentsApi.scala
Bahrain OBF (v1_0_0),accountAccessConsentsPost,POST,/account-access-consents,Create Account Access Consents,${mockedDataText(true)},,,,,,,"case ""account-access-consents"" :: Nil JsonPost",AccountAccessConsentsApi.scala
Bahrain OBF (v1_0_0),eventNotificationsPost,POST,/event-notifications,The ASPSP to send an event-notification resource to a TPP,${mockedDataText(true)},,,,,,,"case ""event-notifications"" :: Nil JsonPost",EventNotificationApi.scala
Bahrain OBF (v1_0_0),accountsAccountIdGet,GET,/accounts/ACCOUNT_ID,Get Account by AccountId,${mockedDataText(true)},,,ACCOUNT_ID,,,UnknownError,"""accounts"" :: accountId :: Nil",AccountsApi.scala
Bahrain OBF (v1_0_0),accountsGet,GET,/accounts,Get Accounts,${mockedDataText(true)},,,,,,,"case ""accounts"" :: Nil JsonGet",AccountsApi.scala
Bahrain OBF (v1_0_0),filePaymentsFilePaymentIdGet,GET,/file-payments/FILE_PAYMENT_ID,Get File Payments by FilePaymentId,${mockedDataText(true)},,,FILE_PAYMENT_ID,,,,"""file-payments"" :: filePaymentId :: Nil",FilePaymentsApi.scala
Bahrain OBF (v1_0_0),filePaymentsFilePaymentIdPaymentDetailsGet,GET,/file-payments/FILE_PAYMENT_ID/payment-details,Get File Payment Details by FilePaymentId,${mockedDataText(true)},,,FILE_PAYMENT_ID,,,,"""file-payments"" :: filePaymentId:: ""payment-details"" :: Nil",FilePaymentsApi.scala
Bahrain OBF (v1_0_0),filePaymentsFilePaymentIdReportFileGet,GET,/file-payments/FILE_PAYMENT_ID/report-file,Get File Payments Report File by FilePaymentId,${mockedDataText(true)},,,FILE_PAYMENT_ID,,,,"""file-payments"" :: filePaymentId:: ""report-file"" :: Nil",FilePaymentsApi.scala
Bahrain OBF (v1_0_0),filePaymentsPost,POST,/file-payments,Create File Payments,${mockedDataText(true)},,,,,,,"case ""file-payments"" :: Nil JsonPost",FilePaymentsApi.scala
Bahrain OBF (v1_0_0),accountsAccountIdTransactionsGet,GET,/accounts/ACCOUNT_ID/transactions,Get Accounts Trabnsactions by AccountId,${mockedDataText(true)},,,ACCOUNT_ID,,,UnknownError,"""accounts"" :: accountId:: ""transactions"" :: Nil",TransactionsApi.scala
Bahrain OBF (v1_0_0),transactionsGet,GET,/transactions,Get Transactions,${mockedDataText(true)},,,,,,,"case ""transactions"" :: Nil JsonGet",TransactionsApi.scala
Bahrain OBF (v1_0_0),accountsAccountIdBalancesGet,GET,/accounts/ACCOUNT_ID/balances,Get Accounts Balances by AccountId,${mockedDataText(true)},,,ACCOUNT_ID,,,,"""accounts"" :: accountId:: ""balances"" :: Nil",BalancesApi.scala
Bahrain OBF (v1_0_0),balancesGet,GET,/balances,Get Balances,${mockedDataText(true)},,,,,,,"case ""balances"" :: Nil JsonGet",BalancesApi.scala
Bahrain OBF (v1_0_0),accountsAccountIdBeneficiariesGet,GET,/accounts/ACCOUNT_ID/beneficiaries,Get Accounts Beneficiaries by AccountId,${mockedDataText(true)},,,ACCOUNT_ID,,,UnknownError,"""accounts"" :: accountId:: ""beneficiaries"" :: Nil",BeneficiariesApi.scala
Bahrain OBF (v1_0_0),beneficiariesGet,GET,/beneficiaries,Get Beneficiaries,${mockedDataText(true)},,,,,,,"case ""beneficiaries"" :: Nil JsonGet",BeneficiariesApi.scala
Bahrain OBF (v1_0_0),accountsAccountIdFutureDatedPaymentsGet,GET,/accounts/ACCOUNT_ID/future-dated-payments,Get Accounts Future Dated Payments by AccountId,${mockedDataText(true)},,,ACCOUNT_ID,,,,"""accounts"" :: accountId:: ""future-dated-payments"" :: Nil",FutureDatedPaymentsApi.scala
Bahrain OBF (v1_0_0),futureDatedPaymentsGet,GET,/future-dated-payments,Get Future Dated Payments,${mockedDataText(true)},,,,,,,"case ""future-dated-payments"" :: Nil JsonGet",FutureDatedPaymentsApi.scala
Bahrain OBF (v1_0_0),domesticPaymentConsentsConsentIdFundsConfirmationGet,GET,/domestic-payment-consents/CONSENT_ID/funds-confirmation,Get Domestic Payment Consents Funds Confirmation by ConsentId,${mockedDataText(true)},,,CONSENT_ID,,,,"""domestic-payment-consents"" :: consentId:: ""funds-confirmation"" :: Nil",DomesticPaymentsConsentsApi.scala
Bahrain OBF (v1_0_0),domesticPaymentConsentsConsentIdGet,GET,/domestic-payment-consents/CONSENT_ID,Get Domestic Payment Consents by ConsentId,${mockedDataText(true)},,,CONSENT_ID,,,,"""domestic-payment-consents"" :: consentId :: Nil",DomesticPaymentsConsentsApi.scala
Bahrain OBF (v1_0_0),domesticPaymentConsentsPost,POST,/domestic-payment-consents,Create Domestic Payment Consents,${mockedDataText(true)},,,,,,,N/A,DomesticPaymentsConsentsApi.scala
Bahrain OBF (v1_0_0),domesticPaymentsDomesticPaymentIdGet,GET,/domestic-payments/DOMESTIC_PAYMENT_ID,Get Domestic Payments by DomesticPaymentId,${mockedDataText(true)},,,DOMESTIC_PAYMENT_ID,,,,"""domestic-payments"" :: domesticPaymentId :: Nil",DomesticPaymentsApi.scala
Bahrain OBF (v1_0_0),domesticPaymentsDomesticPaymentIdPaymentDetailsGet,GET,/domestic-payments/DOMESTIC_PAYMENT_ID/payment-details,Get Domestic Payment details by DomesticPaymentId,${mockedDataText(true)},,,DOMESTIC_PAYMENT_ID,,,,"""domestic-payments"" :: domesticPaymentId:: ""payment-details"" :: Nil",DomesticPaymentsApi.scala
Bahrain OBF (v1_0_0),domesticPaymentsPost,POST,/domestic-payments,Create Domestic Payments,${mockedDataText(true)},,,,,,,"case ""domestic-payments"" :: Nil JsonPost",DomesticPaymentsApi.scala
Bahrain OBF (v1_0_0),accountsAccountIdDirectDebitsGet,GET,/accounts/ACCOUNT_ID/direct-debits,Get Accounts Direct Debits by AccountId,${mockedDataText(true)},,,ACCOUNT_ID,,,,"""accounts"" :: accountId:: ""direct-debits"" :: Nil",DirectDebitsApi.scala
Bahrain OBF (v1_0_0),directDebitsGet,GET,/direct-debits,Get Direct Debits,${mockedDataText(true)},,,,,,,"case ""direct-debits"" :: Nil JsonGet",DirectDebitsApi.scala
Bahrain OBF (v1_0_0),accountsAccountIdOffersGet,GET,/accounts/ACCOUNT_ID/offers,Get Accounts Offers by AccountId,${mockedDataText(true)},,,ACCOUNT_ID,,,,"""accounts"" :: accountId:: ""offers"" :: Nil",OffersApi.scala
Bahrain OBF (v1_0_0),offersGet,GET,/offers,Get Offers,${mockedDataText(true)},,,,,,,"case ""offers"" :: Nil JsonGet",OffersApi.scala
Bahrain OBF (v1_0_0),accountsAccountIdStandingOrdersGet,GET,/accounts/ACCOUNT_ID/standing-orders,Get Accounts Standing Orders by AccountId,${mockedDataText(true)},,,ACCOUNT_ID,,,UnknownError,"""accounts"" :: accountId:: ""standing-orders"" :: Nil",StandingOrdersApi.scala
Bahrain OBF (v1_0_0),standingOrdersGet,GET,/standing-orders,Get Standing Orders,${mockedDataText(true)},,,,,,,"case ""standing-orders"" :: Nil JsonGet",StandingOrdersApi.scala
Bahrain OBF (v1_0_0),domesticFutureDatedPaymentsDomesticFutureDatedPaymentIdGet,GET,/domestic-future-dated-payments/DOMESTIC_FUTURE_DATED_PAYMENT_ID,Get Domestic Future Dated Payments by DomesticFutureDatedPaymentId,${mockedDataText(true)},,,DOMESTIC_FUTURE_DATED_PAYMENT_ID,,,,"""domestic-future-dated-payments"" :: domesticFutureDatedPaymentId :: Nil",DomesticFutureDatedPaymentsApi.scala
Bahrain OBF (v1_0_0),domesticFutureDatedPaymentsDomesticFutureDatedPaymentIdPatch,PATCH,/domestic-future-dated-payments/DOMESTIC_FUTURE_DATED_PAYMENT_ID,Patch Domestic Future Dated Payments by DomesticFutureDatedPaymentId,${mockedDataText(true)},,,DOMESTIC_FUTURE_DATED_PAYMENT_ID,,,,"""domestic-future-dated-payments"" :: domesticFutureDatedPaymentId :: Nil",DomesticFutureDatedPaymentsApi.scala
Bahrain OBF (v1_0_0),domesticFutureDatedPaymentsDomesticFutureDatedPaymentIdPaymentDetailsGet,GET,/domestic-future-dated-payments/DOMESTIC_FUTURE_DATED_PAYMENT_ID/payment-details,Get Domestic Future Dated Payment Details by DomesticFutureDatedPaymentId,${mockedDataText(true)},,,DOMESTIC_FUTURE_DATED_PAYMENT_ID,,,,"""domestic-future-dated-payments"" :: domesticFutureDatedPaymentId:: ""payment-details"" :: Nil",DomesticFutureDatedPaymentsApi.scala
Bahrain OBF (v1_0_0),domesticFutureDatedPaymentsPost,POST,/domestic-future-dated-payments,Create Domestic Future Dated Payments,${mockedDataText(true)},,,,,,,"case ""domestic-future-dated-payments"" :: Nil JsonPost",DomesticFutureDatedPaymentsApi.scala
Bahrain OBF (v1_0_0),accountsAccountIdStatementsGet,GET,/accounts/ACCOUNT_ID/statements,Get Accounts Statements by AccountId,${mockedDataText(true)},,,ACCOUNT_ID,,,UnknownError,"""accounts"" :: accountId:: ""statements"" :: Nil",StatementsApi.scala
Bahrain OBF (v1_0_0),accountsAccountIdStatementsStatementIdFileGet,GET,/accounts/ACCOUNT_ID/statements/STATEMENT_ID/file,Get Accounts Statements File by AccountId and StatementId,${mockedDataText(true)},,,ACCOUNT_ID; STATEMENT_ID,,,UnknownError,"""accounts"" :: accountId:: ""statements"" :: statementId:: ""file"" :: Nil",StatementsApi.scala
Bahrain OBF (v1_0_0),accountsAccountIdStatementsStatementIdGet,GET,/accounts/ACCOUNT_ID/statements/STATEMENT_ID,Get Accounts Statement by AccountId and StatementId,${mockedDataText(true)},,,ACCOUNT_ID; STATEMENT_ID,,,,"""accounts"" :: accountId:: ""statements"" :: statementId :: Nil",StatementsApi.scala
Bahrain OBF (v1_0_0),accountsAccountIdStatementsStatementIdTransactionsGet,GET,/accounts/ACCOUNT_ID/statements/STATEMENT_ID/transactions,Get Accounts Statement Tranactions by AccountId and StatementId,${mockedDataText(true)},,,ACCOUNT_ID; STATEMENT_ID,,,,"""accounts"" :: accountId:: ""statements"" :: statementId:: ""transactions"" :: Nil",StatementsApi.scala
Bahrain OBF (v1_0_0),statementsGet,GET,/statements,Get Statements,${mockedDataText(true)},,,,,,,"case ""statements"" :: Nil JsonGet",StatementsApi.scala
Bahrain OBF (v1_0_0),internationalPaymentsInternationalPaymentIdGet,GET,/international-payments/INTERNATIONAL_PAYMENT_ID,Get International Payments by InternationalPaymentId,${mockedDataText(true)},,,INTERNATIONAL_PAYMENT_ID,,,,N/A,InternationalPaymentsApi.scala
Bahrain OBF (v1_0_0),internationalPaymentsInternationalPaymentIdPaymentDetailsGet,GET,/international-payments/INTERNATIONAL_PAYMENT_ID/payment-details,Get International Payment Details by InternationalPaymentId,${mockedDataText(true)},,,INTERNATIONAL_PAYMENT_ID,,,,"""international-payments"" :: internationalPaymentId:: ""payment-details"" :: Nil",InternationalPaymentsApi.scala
Bahrain OBF (v1_0_0),internationalPaymentsPost,POST,/international-payments,Create International Payments,${mockedDataText(true)},,,,,,,N/A,InternationalPaymentsApi.scala
Bahrain OBF (v1_0_0),filePaymentConsentsConsentIdFileGet,GET,/file-payment-consents/CONSENT_ID/file,Get File Payment Consents File by ConsentId,${mockedDataText(true)},,,CONSENT_ID,,,UnknownError,"""file-payment-consents"" :: consentId:: ""file"" :: Nil",FilePaymentConsentsApi.scala
Bahrain OBF (v1_0_0),filePaymentConsentsConsentIdFilePost,POST,/file-payment-consents/CONSENT_ID/file,Create File Payment Consents File by ConsentId,${mockedDataText(true)},,,CONSENT_ID,,,,"""file-payment-consents"" :: consentId:: ""file"" :: Nil",FilePaymentConsentsApi.scala
Bahrain OBF (v1_0_0),filePaymentConsentsConsentIdGet,GET,/file-payment-consents/CONSENT_ID,Get File Payment Consents by ConsentId,${mockedDataText(true)},,,CONSENT_ID,,,,"""file-payment-consents"" :: consentId :: Nil",FilePaymentConsentsApi.scala
Bahrain OBF (v1_0_0),filePaymentConsentsPost,POST,/file-payment-consents,Create File Payment Consents,${mockedDataText(true)},,,,,,,"case ""file-payment-consents"" :: Nil JsonPost",FilePaymentConsentsApi.scala
Bahrain OBF (v1_0_0),accountsAccountIdSupplementaryAccountInfoGet,GET,/accounts/ACCOUNT_ID/supplementary-account-info,Get Accounts Supplementary Account Info by AccountId,${mockedDataText(true)},,,ACCOUNT_ID,,,,"""accounts"" :: accountId:: ""supplementary-account-info"" :: Nil",SupplementaryAccountInfoApi.scala
Mexican Open Finance (MxOF),getMxAtms,GET,/atms,Get ATMS,${mockedDataText(false)} Gets a list of all ATM objects.,,,,,,,"case ""atms"" :: Nil JsonGet",APIMethods_AtmsApi.scala
